Workbook

Sheet 订单列表
A1: id | B1: salesOrgId_name | D1: agentId_name | F1: saleDepartmentId_name | G1: corpContactUserName | H1: productName | I1: subQty | J1: qty | K1: qtyName | L1: payMoney | M1: reserveid_reservecust_code | N1: reserveid_reservecust_name | O1: orderDefineCharacter!erpOrderNumber | P1: orderDefineCharacter!erpPoStatus | Q1: orderDefineCharacter!needDeliveryDate | R1: orderDetails_createDate | S1: creatorId | T1: cCreator | U1: creator | V1: createTime
A2: 主体ID | B2: 销售组织 | C2: 客戶編碼 | D2: 客户 | E2: 客名 | F2: 销售部门 | G2: 销售业务员 | H2: 商品名称 | I2: 销售数量 | J2: 数量 | K2: 主计量 | L2: 合计含税金额 | M2: 线索客户编码 | N2: 线索客户名称 | O2: ERP订单号 | P2: ERP订单状态 | Q2: 要求送货日期 | R2: 创建时间 | S2: 创建人 | T2: 创建人 | U2: 创建人 | V2: 创建时间 | W2: 商品編碼 | X2: 小類編碼 | Y2: 小類 | Z2: 客戶屬性 | AA2: 訂單總金額
A3: 2588256797291708421 | B3: 香港事业部 | C3: NFT00.000168 | D3: 明記凍肉 | E3: 明記 | F3: 分销业务冻品水产部销售部 | G3: 凌靖翔 | H3: 遼寧欣城琵琶腿130-150G|10KG(5KG*2) | I3: 1 | J3: 10 | K3: 千克 | L3: 128 | O3: 14796327 | P3: 已登记 | Q3: 46223 | R3: 46223.416 | S3: 2387140048816439304 | U3: 明記凍肉 | V3: 46223.416 | W3: =VLOOKUP(H3,物料編碼!A:B,2,0) -> 1300624103 | X3: 1300624 | Y3: =VLOOKUP(X3,物料編碼!D:G,4,0) -> 琵琶腿 | Z3: =VLOOKUP(C3,客戶屬性1!A:C,2,0) -> 明记冻肉 | AA3: =IF(COUNTIF($O$1:O3,O3)=1,L3,0) -> 128
A4: 2588253747864928264 | B4: 香港事业部 | C4: NFT00.003177 | D4: 翎凰凍肉有限公司 | E4: 翎凰 | F4: 分销业务冻品水产部销售部 | G4: 凌靖翔 | H4: 至尊梅肉|25KG | I4: 20 | J4: 500 | K4: 千克 | L4: 19647.35 | O4: 14797265 | P4: 已登记 | Q4: 46224 | R4: 46223.412 | S4: 2485989227956797442 | U4: 翎凰 | V4: 46223.412 | W4: =VLOOKUP(H4,物料編碼!A:B,2,0) -> 1300101043 | X4: 1300101 | Y4: =VLOOKUP(X4,物料編碼!D:G,4,0) -> 一號肉 | Z4: =VLOOKUP(C4,客戶屬性1!A:C,2,0) -> 翎凰冻肉有限公司 | AA4: =IF(COUNTIF($O$1:O4,O4)=1,L4,0) -> 19647.35
A5: 2588253747864928264 | B5: 香港事业部 | C5: NFT00.003177 | D5: 翎凰凍肉有限公司 | E5: 翎凰 | F5: 分销业务冻品水产部销售部 | G5: 凌靖翔 | H5: 金鷹面精肉|25KG | I5: 3 | J5: 75 | K5: 千克 | L5: 19647.35 | O5: 14797265 | P5: 已登记 | Q5: 46224 | R5: 46223.412 | S5: 2485989227956797442 | U5: 翎凰 | V5: 46223.412 | W5: =VLOOKUP(H5,物料編碼!A:B,2,0) -> 1300109002 | X5: 1300109 | Y5: =VLOOKUP(X5,物料編碼!D:G,4,0) -> 面精肉 | Z5: =VLOOKUP(C5,客戶屬性1!A:C,2,0) -> 翎凰冻肉有限公司 | AA5: =IF(COUNTIF($O$1:O5,O5)=1,L5,0) -> 0
A6: 2588227608717033474 | B6: 香港事业部 | C6: NFT00.000185 | D6: 萬駿貿易公司 | E6: 萬駿 | F6: 分销业务冻品水产部销售部 | G6: 岑美玉 | H6: 至尊梅肉|25KG | I6: 10 | J6: 250 | K6: 千克 | L6: 8875 | O6: 14796239 | P6: 已登记 | Q6: 46223 | R6: 46223.377 | S6: 2489640319525584898 | U6: 萬駿 | V6: 46223.377 | W6: =VLOOKUP(H6,物料編碼!A:B,2,0) -> 1300101043 | X6: 1300101 | Y6: =VLOOKUP(X6,物料編碼!D:G,4,0) -> 一號肉 | Z6: =VLOOKUP(C6,客戶屬性1!A:C,2,0) -> 万骏贸易公司 | AA6: =IF(COUNTIF($O$1:O6,O6)=1,L6,0) -> 8875
A7: 2586807400471199744 | B7: 香港事业部 | C7: NFT00.000230 | D7: 恆輝貿易公司 | E7: 恆輝 | F7: 分销业务冻品水产部销售部 | G7: 凌靖翔 | H7: 遼寧欣城帶骨雞全腿 280-300G|15KG | I7: 1 | J7: 15 | K7: 千克 | L7: 1962.15 | O7: 14796981 | P7: 已登记 | Q7: 46223 | R7: 46221.463 | S7: 2460695736053923847 | U7: 恆輝 | V7: 46221.463 | W7: =VLOOKUP(H7,物料編碼!A:B,2,0) -> 1300603040 | X7: 1300603 | Y7: =VLOOKUP(X7,物料編碼!D:G,4,0) -> 帶骨全腿 | Z7: =VLOOKUP(C7,客戶屬性1!A:C,2,0) -> 恒辉贸易公司 | AA7: =IF(COUNTIF($O$1:O7,O7)=1,L7,0) -> 1962.15
A8: 2586807400471199744 | B8: 香港事业部 | C8: NFT00.000230 | D8: 恆輝貿易公司 | E8: 恆輝 | F8: 分销业务冻品水产部销售部 | G8: 凌靖翔 | H8: 遼寧銘川帶皮腿扒|15KG (250克+/塊) | I8: 8 | J8: 120 | K8: 千克 | L8: 1962.15 | O8: 14796981 | P8: 已登记 | Q8: 46223 | R8: 46221.463 | S8: 2460695736053923847 | U8: 恆輝 | V8: 46221.463 | W8: =VLOOKUP(H8,物料編碼!A:B,2,0) -> 1300607014 | X8: 1300607 | Y8: =VLOOKUP(X8,物料編碼!D:G,4,0) -> 帶皮腿扒 | Z8: =VLOOKUP(C8,客戶屬性1!A:C,2,0) -> 恒辉贸易公司 | AA8: =IF(COUNTIF($O$1:O8,O8)=1,L8,0) -> 0
A9: 2586800004514447366 | B9: 香港事业部 | C9: NFT00.000230 | D9: 恆輝貿易公司 | E9: 恆輝 | F9: 分销业务冻品水产部销售部 | G9: 凌靖翔 | H9: 金鷹面精肉|25KG | I9: 5 | J9: 125 | K9: 千克 | L9: 4091.5 | O9: 14796079 | P9: 已登记 | Q9: 46223 | R9: 46221.453 | S9: 2393862608937549832 | U9: 許先生 | V9: 46221.453 | W9: =VLOOKUP(H9,物料編碼!A:B,2,0) -> 1300109002 | X9: 1300109 | Y9: =VLOOKUP(X9,物料編碼!D:G,4,0) -> 面精肉 | Z9: =VLOOKUP(C9,客戶屬性1!A:C,2,0) -> 恒辉贸易公司 | AA9: =IF(COUNTIF($O$1:O9,O9)=1,L9,0) -> 4091.5
A10: 2586783279934865417 | B10: 香港事业部 | C10: NFT00.000168 | D10: 明記凍肉 | E10: 明記 | F10: 分销业务冻品水产部销售部 | G10: 凌靖翔 | H10: 遼寧欣城琵琶腿130-150G|10KG(5KG*2) | I10: 1 | J10: 10 | K10: 千克 | L10: 128 | O10: 14796067 | P10: 已登记 | Q10: 46221 | R10: 46221.431 | S10: 2387140048816439304 | U10: 明記凍肉 | V10: 46221.431 | W10: =VLOOKUP(H10,物料編碼!A:B,2,0) -> 1300624103 | X10: 1300624 | Y10: =VLOOKUP(X10,物料編碼!D:G,4,0) -> 琵琶腿 | Z10: =VLOOKUP(C10,客戶屬性1!A:C,2,0) -> 明记冻肉 | AA10: =IF(COUNTIF($O$1:O10,O10)=1,L10,0) -> 128
A11: 2586779474593841159 | B11: 香港事业部 | C11: NFT00.000337 | D11: 新城發食品有限公司 | E11: 新城發 | F11: 分销业务冻品水产部销售部 | G11: 许至邦 | H11: 金鷹面精肉|25KG | I11: 4 | J11: 100 | K11: 千克 | L11: 3273.2 | O11: 14796066 | P11: 已登记 | Q11: 46223 | R11: 46221.426 | S11: 2387140160485589002 | U11: 新城發 | V11: 46221.426 | W11: =VLOOKUP(H11,物料編碼!A:B,2,0) -> 1300109002 | X11: 1300109 | Y11: =VLOOKUP(X11,物料編碼!D:G,4,0) -> 面精肉 | Z11: =VLOOKUP(C11,客戶屬性1!A:C,2,0) -> 新城发食品有限公司 | AA11: =IF(COUNTIF($O$1:O11,O11)=1,L11,0) -> 3273.2
A12: 2586778452368556034 | B12: 香港事业部 | C12: NFT00.000230 | D12: 恆輝貿易公司 | E12: 恆輝 | F12: 分销业务冻品水产部销售部 | G12: 凌靖翔 | H12: 山東鴨胸肉|10KG(200-220克/塊) | I12: 1 | J12: 10 | K12: 千克 | L12: 132 | O12: 14796068 | P12: 已输入 | Q12: 46221 | R12: 46221.424 | S12: 2393862608937549832 | U12: 許先生 | V12: 46221.424 | W12: =VLOOKUP(H12,物料編碼!A:B,2,0) -> 1300903005 | X12: 1300903 | Y12: =VLOOKUP(X12,物料編碼!D:G,4,0) -> 生鴨胸 | Z12: =VLOOKUP(C12,客戶屬性1!A:C,2,0) -> 恒辉贸易公司 | AA12: =IF(COUNTIF($O$1:O12,O12)=1,L12,0) -> 132
A13: 2586236015178940424 | B13: 香港事业部 | C13: NFT00.000357 | D13: 三明有限公司 | E13: 三明 | F13: 分销业务冻品水产部销售部 | G13: 张淑燕 | H13: 金鷹梅肉|25KG | I13: 10 | J13: 250 | K13: 千克 | L13: 6790 | O13: 14796814 | P13: 已登记 | Q13: 46221 | R13: 46220.693 | S13: 2460735601940365319 | U13: 三明 | V13: 46220.693 | W13: =VLOOKUP(H13,物料編碼!A:B,2,0) -> 1300101018 | X13: 1300101 | Y13: =VLOOKUP(X13,物料編碼!D:G,4,0) -> 一號肉 | Z13: =VLOOKUP(C13,客戶屬性1!A:C,2,0) -> 三明有限公司 | AA13: =IF(COUNTIF($O$1:O13,O13)=1,L13,0) -> 6790
A14: 2586171985806491649 | B14: 香港事业部 | C14: NFT00.002474 | D14: 明記冷凍食品有限公司 | E14: 明記冷凍 | F14: 分销业务冻品水产部销售部 | G14: 岑美玉 | H14: 至尊梅肉|25KG | I14: 6 | J14: 150 | K14: 千克 | L14: 5410.47 | O14: 14796679 | P14: 已登记 | Q14: 46223 | R14: 46220.607 | S14: 2387140615752122374 | U14: 明記(荃灣) | V14: 46220.607 | W14: =VLOOKUP(H14,物料編碼!A:B,2,0) -> 1300101043 | X14: 1300101 | Y14: =VLOOKUP(X14,物料編碼!D:G,4,0) -> 一號肉 | Z14: =VLOOKUP(C14,客戶屬性1!A:C,2,0) -> MING KEE | AA14: =IF(COUNTIF($O$1:O14,O14)=1,L14,0) -> 5410.47
... A119: 2580311116384043008 | B119: 香港事业部 | C119: NFT00.003034 | D119: 豪氣有限公司 | E119: 豪氣 | F119: 分销业务冻品水产部销售部 | G119: 萧景新 | H119: 高峰柱裝羊卷肉|20KG | I119: 2 | J119: 40 | K119: 千克 | L119: 2631.89 | O119: 14788757 | P119: 已登记 | Q119: 46213 | R119: 46212.71 | S119: 2454793274168180740 | U119: 豪氣有限公司 | V119: 46212.71 | W119: =VLOOKUP(H119,物料編碼!A:B,2,0) -> 1300511002 | X119: 1300511 | Y119: =VLOOKUP(X119,物料編碼!D:G,4,0) -> 羊卷肉 | Z119: =VLOOKUP(C119,客戶屬性1!A:C,2,0) -> 豪气有限公司 | AA119: =IF(COUNTIF($O$1:O119,O119)=1,L119,0) -> 0
A120: 2580303076228333576 | B120: 香港事业部 | C120: NFT00.002854 | D120: 新柏霖有限公司 | E120: 新柏霖 | F120: 分销业务冻品水产部销售部 | G120: 谭小君 | H120: 溫氏黃油中3雞|24.5KG (1.3-1.4kg/只,共18只)(抄碼)-停用 | I120: 2 | J120: 24 | K120: 千克 | L120: 571.2 | P120: 开立 | Q120: 46213 | R120: 46212.699 | S120: 2562335467095195663 | U120: 運興泰有限公司 | V120: 46212.699 | W120: =VLOOKUP(H120,物料編碼!A:B,2,0) -> #N/A | X120: #N/A | Y120: =VLOOKUP(X120,物料編碼!D:G,4,0) -> #N/A | Z120: =VLOOKUP(C120,客戶屬性1!A:C,2,0) -> 新柏霖有限公司 | AA120: =IF(COUNTIF($O$1:O120,O120)=1,L120,0) -> 0
A121: 2580259018430742529 | B121: 香港事业部 | C121: NFT00.002854 | D121: 新柏霖有限公司 | E121: 新柏霖 | F121: 分销业务冻品水产部销售部 | G121: 谭小君 | H121: 伊美佳12支骨法式羊排|20KG | I121: 2 | J121: 40 | K121: 千克 | L121: 3096.8 | O121: 14788695 | P121: 已登记 | Q121: 46213 | R121: 46212.64 | S121: 2562335467095195663 | U121: 運興泰有限公司 | V121: 46212.64 | W121: =VLOOKUP(H121,物料編碼!A:B,2,0) -> 1300501029 | X121: 1300501 | Y121: =VLOOKUP(X121,物料編碼!D:G,4,0) -> 羊排 | Z121: =VLOOKUP(C121,客戶屬性1!A:C,2,0) -> 新柏霖有限公司 | AA121: =IF(COUNTIF($O$1:O121,O121)=1,L121,0) -> 3096.8
A122: 2580232355273768964 | B122: 香港事业部 | C122: NFT00.000230 | D122: 恆輝貿易公司 | E122: 恆輝 | F122: 分销业务冻品水产部销售部 | G122: 凌靖翔 | H122: 金鷹寸骨|10KG (1K*10包) | I122: 1 | J122: 10 | K122: 千克 | L122: 480 | O122: 14788292 | P122: 已登记 | Q122: 46213 | R122: 46212.604 | S122: 2393863201643036677 | U122: 許先生 | V122: 46212.604 | W122: =VLOOKUP(H122,物料編碼!A:B,2,0) -> 1300111003 | X122: 1300111 | Y122: =VLOOKUP(X122,物料編碼!D:G,4,0) -> 寸骨 | Z122: =VLOOKUP(C122,客戶屬性1!A:C,2,0) -> 恒辉贸易公司 | AA122: =IF(COUNTIF($O$1:O122,O122)=1,L122,0) -> 480
A123: 2580219779609526279 | B123: 香港事业部 | C123: NFT00.000230 | D123: 恆輝貿易公司 | E123: 恆輝 | F123: 分销业务冻品水产部销售部 | G123: 凌靖翔 | H123: 遼寧銘川帶皮腿扒|15KG (300克+/塊) | I123: 4 | J123: 60 | K123: 千克 | L123: 886.8 | O123: 14788269 | P123: 已登记 | Q123: 46213 | R123: 46212.587 | S123: 2393862608937549832 | U123: 許先生 | V123: 46212.587 | W123: =VLOOKUP(H123,物料編碼!A:B,2,0) -> 1300607015 | X123: 1300607 | Y123: =VLOOKUP(X123,物料編碼!D:G,4,0) -> 帶皮腿扒 | Z123: =VLOOKUP(C123,客戶屬性1!A:C,2,0) -> 恒辉贸易公司 | AA123: =IF(COUNTIF($O$1:O123,O123)=1,L123,0) -> 886.8
A124: 2580157073110073347 | B124: 香港事业部 | C124: NFT00.000774 | D124: 新昌 | E124: 新昌 | F124: 分销业务冻品水产部 | G124: 张淑燕 | H124: 至尊梅肉|25KG | I124: 1 | J124: 25 | K124: 千克 | L124: 3200.65 | O124: 14788240 | P124: 已登记 | Q124: 46213 | R124: 46212.503 | S124: 2387140254974869510 | U124: 新昌 | V124: 46212.503 | W124: =VLOOKUP(H124,物料編碼!A:B,2,0) -> 1300101043 | X124: 1300101 | Y124: =VLOOKUP(X124,物料編碼!D:G,4,0) -> 一號肉 | Z124: =VLOOKUP(C124,客戶屬性1!A:C,2,0) -> 新昌冻肉 | AA124: =IF(COUNTIF($O$1:O124,O124)=1,L124,0) -> 3200.65
A125: 2580157073110073347 | B125: 香港事业部 | C125: NFT00.000774 | D125: 新昌 | E125: 新昌 | F125: 分销业务冻品水产部 | G125: 张淑燕 | H125: 金鷹寸骨|10KG (1K*10包) | I125: 1 | J125: 10 | K125: 千克 | L125: 3200.65 | O125: 14788240 | P125: 已登记 | Q125: 46213 | R125: 46212.503 | S125: 2387140254974869510 | U125: 新昌 | V125: 46212.503 | W125: =VLOOKUP(H125,物料編碼!A:B,2,0) -> 1300111003 | X125: 1300111 | Y125: =VLOOKUP(X125,物料編碼!D:G,4,0) -> 寸骨 | Z125: =VLOOKUP(C125,客戶屬性1!A:C,2,0) -> 新昌冻肉 | AA125: =IF(COUNTIF($O$1:O125,O125)=1,L125,0) -> 0
A126: 2580157073110073347 | B126: 香港事业部 | C126: NFT00.000774 | D126: 新昌 | E126: 新昌 | F126: 分销业务冻品水产部 | G126: 张淑燕 | H126: 金鷹面精肉|25KG | I126: 1 | J126: 25 | K126: 千克 | L126: 3200.65 | O126: 14788240 | P126: 已登记 | Q126: 46213 | R126: 46212.503 | S126: 2387140254974869510 | U126: 新昌 | V126: 46212.503 | W126: =VLOOKUP(H126,物料編碼!A:B,2,0) -> 1300109002 | X126: 1300109 | Y126: =VLOOKUP(X126,物料編碼!D:G,4,0) -> 面精肉 | Z126: =VLOOKUP(C126,客戶屬性1!A:C,2,0) -> 新昌冻肉 | AA126: =IF(COUNTIF($O$1:O126,O126)=1,L126,0) -> 0
A127: 2580157073110073347 | B127: 香港事业部 | C127: NFT00.000774 | D127: 新昌 | E127: 新昌 | F127: 分销业务冻品水产部 | G127: 张淑燕 | H127: 遼寧欣城帶骨雞全腿 300-320G|15KG | I127: 2 | J127: 30 | K127: 千克 | L127: 3200.65 | O127: 14788240 | P127: 已登记 | Q127: 46213 | R127: 46212.503 | S127: 2387140254974869510 | U127: 新昌 | V127: 46212.503 | W127: =VLOOKUP(H127,物料編碼!A:B,2,0) -> 1300603041 | X127: 1300603 | Y127: =VLOOKUP(X127,物料編碼!D:G,4,0) -> 帶骨全腿 | Z127: =VLOOKUP(C127,客戶屬性1!A:C,2,0) -> 新昌冻肉 | AA127: =IF(COUNTIF($O$1:O127,O127)=1,L127,0) -> 0
A128: 2580157073110073347 | B128: 香港事业部 | C128: NFT00.000774 | D128: 新昌 | E128: 新昌 | F128: 分销业务冻品水产部 | G128: 张淑燕 | H128: 遼寧銘川帶皮腿扒|15KG (300克+/塊) | I128: 3 | J128: 45 | K128: 千克 | L128: 3200.65 | O128: 14788240 | P128: 已登记 | Q128: 46213 | R128: 46212.503 | S128: 2387140254974869510 | U128: 新昌 | V128: 46212.503 | W128: =VLOOKUP(H128,物料編碼!A:B,2,0) -> 1300607015 | X128: 1300607 | Y128: =VLOOKUP(X128,物料編碼!D:G,4,0) -> 帶皮腿扒 | Z128: =VLOOKUP(C128,客戶屬性1!A:C,2,0) -> 新昌冻肉 | AA128: =IF(COUNTIF($O$1:O128,O128)=1,L128,0) -> 0
A129: 2580121596680208389 | B129: 香港事业部 | C129: NFT00.000116 | D129: 新協興凍肉食品公司 | E129: 新協興 | F129: 分销业务冻品水产部销售部 | G129: 凌靖翔 | H129: 金鷹面精肉|25KG | I129: 3 | J129: 75 | K129: 千克 | L129: 5601.07 | O129: 14788176 | P129: 已登记 | Q129: 46212 | R129: 46212.455 | S129: 2387139997276831755 | U129: 新協興凍肉食品公司 | V129: 46212.455 | W129: =VLOOKUP(H129,物料編碼!A:B,2,0) -> 1300109002 | X129: 1300109 | Y129: =VLOOKUP(X129,物料編碼!D:G,4,0) -> 面精肉 | Z129: =VLOOKUP(C129,客戶屬性1!A:C,2,0) -> 新协兴冻肉食品公司 | AA129: =IF(COUNTIF($O$1:O129,O129)=1,L129,0) -> 5601.07
A130: 2580121596680208389 | B130: 香港事业部 | C130: NFT00.000116 | D130: 新協興凍肉食品公司 | E130: 新協興 | F130: 分销业务冻品水产部销售部 | G130: 凌靖翔 | H130: 高峰網裝羊肩卷肉| 18KG | I130: 1 | J130: 18 | K130: 千克 | L130: 5601.07 | O130: 14788176 | P130: 已登记 | Q130: 46212 | R130: 46212.455 | S130: 2387139997276831755 | U130: 新協興凍肉食品公司 | V130: 46212.455 | W130: =VLOOKUP(H130,物料編碼!A:B,2,0) -> 1300503009 | X130: 1300503 | Y130: =VLOOKUP(X130,物料編碼!D:G,4,0) -> 羊肩卷肉 | Z130: =VLOOKUP(C130,客戶屬性1!A:C,2,0) -> 新协兴冻肉食品公司 | AA130: =IF(COUNTIF($O$1:O130,O130)=1,L130,0) -> 0
A131: 2580121596680208389 | B131: 香港事业部 | C131: NFT00.000116 | D131: 新協興凍肉食品公司 | E131: 新協興 | F131: 分销业务冻品水产部销售部 | G131: 凌靖翔 | H131: 高峰四號肉 25KG | I131: 2 | J131: 50 | K131: 千克 | L131: 5601.07 | O131: 14788176 | P131: 已登记 | Q131: 46212 | R131: 46212.455 | S131: 2387139997276831755 | U131: 新協興凍肉食品公司 | V131: 46212.455 | W131: =VLOOKUP(H131,物料編碼!A:B,2,0) -> 1300104005 | X131: 1300104 | Y131: =VLOOKUP(X131,物料編碼!D:G,4,0) -> 四號肉 | Z131: =VLOOKUP(C131,客戶屬性1!A:C,2,0) -> 新协兴冻肉食品公司 | AA131: =IF(COUNTIF($O$1:O131,O131)=1,L131,0) -> 0
A132: 2580121596680208389 | B132: 香港事业部 | C132: NFT00.000116 | D132: 新協興凍肉食品公司 | E132: 新協興 | F132: 分销业务冻品水产部销售部 | G132: 凌靖翔 | H132: 溫氏黃油中1雞|22KG (1.6-1.7kg/只)/共13只(抄码)-停用 | I132: 3 | J132: 36 | K132: 千克 | L132: 5601.07 | O132: 14788176 | P132: 已登记 | Q132: 46212 | R132: 46212.455 | S132: 2387139997276831755 | U132: 新協興凍肉食品公司 | V132: 46212.455 | W132: =VLOOKUP(H132,物料編碼!A:B,2,0) -> #N/A | X132: #N/A | Y132: =VLOOKUP(X132,物料編碼!D:G,4,0) -> #N/A | Z132: =VLOOKUP(C132,客戶屬性1!A:C,2,0) -> 新协兴冻肉食品公司 | AA132: =IF(COUNTIF($O$1:O132,O132)=1,L132,0) -> 0
A133: 2580082117317754887 | B133: 香港事业部 | C133: 15MYKD.80036688 | D133: 美亞食品貿易有限公司 | E133: 美亞 | F133: 分销业务冻品水产部销售部 | G133: 许至邦 | H133: 遼寧欣城帶皮腿扒|15KG (250-300/塊) | I133: 25 | J133: 375 | K133: 千克 | L133: 5542.5 | O133: 14788043 | P133: 已登记 | Q133: 46213 | R133: 46212.402 | S133: 2471774913431601159 | U133: 美亞 | V133: 46212.402 | W133: =VLOOKUP(H133,物料編碼!A:B,2,0) -> 1300607016 | X133: 1300607 | Y133: =VLOOKUP(X133,物料編碼!D:G,4,0) -> 帶皮腿扒 | Z133: =VLOOKUP(C133,客戶屬性1!A:C,2,0) -> 美亚食品贸易有限公司 | AA133: =IF(COUNTIF($O$1:O133,O133)=1,L133,0) -> 5542.5
A134: 2580077410033598467 | B134: 香港事业部 | C134: NFT00.000230 | D134: 恆輝貿易公司 | E134: 恆輝 | F134: 分销业务冻品水产部销售部 | G134: 凌靖翔 | H134: 華英全淨膛鴨|12KG (1.5KG/只) | I134: 1 | J134: 12 | K134: 千克 | L134: 126 | O134: 14788021 | P134: 已登记 | Q134: 46212 | R134: 46212.395 | S134: 2393862875225522194 | U134: 許先生 | V134: 46212.395 | W134: =VLOOKUP(H134,物料編碼!A:B,2,0) -> 1300901003 | X134: 1300901 | Y134: =VLOOKUP(X134,物料編碼!D:G,4,0) -> 整鴨 | Z134: =VLOOKUP(C134,客戶屬性1!A:C,2,0) -> 恒辉贸易公司 | AA134: =IF(COUNTIF($O$1:O134,O134)=1,L134,0) -> 126
A135: 2580074979105177600 | B135: 香港事业部 | C135: NFT00.000230 | D135: 恆輝貿易公司 | E135: 恆輝 | F135: 分销业务冻品水产部销售部 | G135: 凌靖翔 | H135: 金鷹寸骨|10KG (1K*10包) | I135: 1 | J135: 10 | K135: 千克 | L135: 480 | O135: 14788003 | P135: 已登记 | Q135: 46212 | R135: 46212.392 | S135: 2393862608937549832 | U135: 許先生 | V135: 46212.392 | W135: =VLOOKUP(H135,物料編碼!A:B,2,0) -> 1300111003 | X135: 1300111 | Y135: =VLOOKUP(X135,物料編碼!D:G,4,0) -> 寸骨 | Z135: =VLOOKUP(C135,客戶屬性1!A:C,2,0) -> 恒辉贸易公司 | AA135: =IF(COUNTIF($O$1:O135,O135)=1,L135,0) -> 480
A136: 2579520052127596544 | B136: 香港事业部 | C136: NFT00.000230 | D136: 恆輝貿易公司 | E136: 恆輝 | F136: 分销业务冻品水产部销售部 | G136: 凌靖翔 | H136: 華英鴨胸肉|10KG 200-220G/塊) | I136: 1 | J136: 10 | K136: 千克 | L136: 136 | O136: 14787864 | P136: 已登记 | Q136: 46212 | R136: 46211.644 | S136: 2393862608937549832 | U136: 許先生 | V136: 46211.644 | W136: =VLOOKUP(H136,物料編碼!A:B,2,0) -> 1300903002 | X136: 1300903 | Y136: =VLOOKUP(X136,物料編碼!D:G,4,0) -> 生鴨胸 | Z136: =VLOOKUP(C136,客戶屬性1!A:C,2,0) -> 恒辉贸易公司 | AA136: =IF(COUNTIF($O$1:O136,O136)=1,L136,0) -> 136
A137: 2579510500143398921 | B137: 香港事业部 | C137: NFT00.000229 | D137: 駿利貿易公司 | E137: 駿利 | F137: 分销业务冻品水产部销售部 | G137: 张淑燕 | H137: 金鷹寸骨|10KG (1K*10包) | I137: 2 | J137: 20 | K137: 千克 | L137: 950.4 | O137: 14787856 | P137: 已登记 | Q137: 46212 | R137: 46211.631 | S137: 2387140091766112280 | U137: 駿利貿易公司 | V137: 46211.631 | W137: =VLOOKUP(H137,物料編碼!A:B,2,0) -> 1300111003 | X137: 1300111 | Y137: =VLOOKUP(X137,物料編碼!D:G,4,0) -> 寸骨 | Z137: =VLOOKUP(C137,客戶屬性1!A:C,2,0) -> 骏利贸易公司 | AA137: =IF(COUNTIF($O$1:O137,O137)=1,L137,0) -> 950.4
A138: 2579458977692647424 | B138: 香港事业部 | C138: NFT00.000774 | D138: 新昌 | E138: 新昌 | F138: 分销业务冻品水产部 | G138: 张淑燕 | H138: 山東煙熏鴨胸肉|10KG (200-220G/塊)日文包裝 | I138: 1 | J138: 10 | K138: 千克 | L138: 1307.52 | O138: 14786983 | P138: 已登记 | Q138: 46212 | R138: 46211.562 | S138: 2387140254974869510 | U138: 新昌 | V138: 46211.562 | W138: =VLOOKUP(H138,物料編碼!A:B,2,0) -> 1300904016 | X138: 1300904 | Y138: =VLOOKUP(X138,物料編碼!D:G,4,0) -> 煙熏鴨胸 | Z138: =VLOOKUP(C138,客戶屬性1!A:C,2,0) -> 新昌冻肉 | AA138: =IF(COUNTIF($O$1:O138,O138)=1,L138,0) -> 1307.52
A139: 2579458977692647424 | B139: 香港事业部 | C139: NFT00.000774 | D139: 新昌 | E139: 新昌 | F139: 分销业务冻品水产部 | G139: 张淑燕 | H139: 遼寧欣城帶骨雞全腿 300-320G|15KG | I139: 2 | J139: 30 | K139: 千克 | L139: 1307.52 | O139: 14786983 | P139: 已登记 | Q139: 46212 | R139: 46211.562 | S139: 2387140254974869510 | U139: 新昌 | V139: 46211.562 | W139: =VLOOKUP(H139,物料編碼!A:B,2,0) -> 1300603041 | X139: 1300603 | Y139: =VLOOKUP(X139,物料編碼!D:G,4,0) -> 帶骨全腿 | Z139: =VLOOKUP(C139,客戶屬性1!A:C,2,0) -> 新昌冻肉 | AA139: =IF(COUNTIF($O$1:O139,O139)=1,L139,0) -> 0
A140: 2579458977692647424 | B140: 香港事业部 | C140: NFT00.000774 | D140: 新昌 | E140: 新昌 | F140: 分销业务冻品水产部 | G140: 张淑燕 | H140: 遼寧銘川帶皮腿扒|15KG (300克+/塊) | I140: 3 | J140: 45 | K140: 千克 | L140: 1307.52 | O140: 14786983 | P140: 已登记 | Q140: 46212 | R140: 46211.562 | S140: 2387140254974869510 | U140: 新昌 | V140: 46211.562 | W140: =VLOOKUP(H140,物料編碼!A:B,2,0) -> 1300607015 | X140: 1300607 | Y140: =VLOOKUP(X140,物料編碼!D:G,4,0) -> 帶皮腿扒 | Z140: =VLOOKUP(C140,客戶屬性1!A:C,2,0) -> 新昌冻肉 | AA140: =IF(COUNTIF($O$1:O140,O140)=1,L140,0) -> 0
A141: 2579410324303118340 | B141: 香港事业部 | C141: NFT00.002551 | D141: 溢利食品(香港)有限公司 | E141: 溢利 | F141: 分销业务冻品水产部销售部 | G141: 凌靖翔 | H141: 中國紅布腸|20KG | I141: 1 | J141: 20 | K141: 千克 | L141: 490 | O141: 14787788 | P141: 已登记 | Q141: 46212 | R141: 46211.496 | S141: 2471768556880003081 | U141: 溢利 | V141: 46211.496 | W141: =VLOOKUP(H141,物料編碼!A:B,2,0) -> 1300114011 | X141: 1300114 | Y141: =VLOOKUP(X141,物料編碼!D:G,4,0) -> 熟食 | Z141: =VLOOKUP(C141,客戶屬性1!A:C,2,0) -> 溢利食品(香港)有限公司 | AA141: =IF(COUNTIF($O$1:O141,O141)=1,L141,0) -> 490
A142: 2579408382977900548 | B142: 香港事业部 | C142: NFT00.000229 | D142: 駿利貿易公司 | E142: 駿利 | F142: 分销业务冻品水产部销售部 | G142: 张淑燕 | H142: 高峰法式小切羊排 |10KG | I142: 2 | J142: 20 | K142: 千克 | L142: 2059.2 | O142: 14786921 | P142: 已登记 | Q142: 46212 | R142: 46211.494 | S142: 2387140091766112280 | U142: 駿利貿易公司 | V142: 46211.494 | W142: =VLOOKUP(H142,物料編碼!A:B,2,0) -> 1300501022 | X142: 1300501 | Y142: =VLOOKUP(X142,物料編碼!D:G,4,0) -> 羊排 | Z142: =VLOOKUP(C142,客戶屬性1!A:C,2,0) -> 骏利贸易公司 | AA142: =IF(COUNTIF($O$1:O142,O142)=1,L142,0) -> 2059.2
A143: 2579369152769687552 | B143: 香港事业部 | C143: NFT00.000168 | D143: 明記凍肉 | E143: 明記 | F143: 分销业务冻品水产部销售部 | G143: 凌靖翔 | H143: 遼寧欣城琵琶腿130-150G|10KG(5KG*2) | I143: 2 | J143: 20 | K143: 千克 | L143: 256 | O143: 14787733 | P143: 已登记 | Q143: 46211 | R143: 46211.441 | S143: 2387140048816439304 | U143: 明記凍肉 | V143: 46211.441 | W143: =VLOOKUP(H143,物料編碼!A:B,2,0) -> 1300624103 | X143: 1300624 | Y143: =VLOOKUP(X143,物料編碼!D:G,4,0) -> 琵琶腿 | Z143: =VLOOKUP(C143,客戶屬性1!A:C,2,0) -> 明记冻肉 | AA143: =IF(COUNTIF($O$1:O143,O143)=1,L143,0) -> 256
A144: 2579356972219367427 | B144: 香港事业部 | C144: NFT00.003177 | D144: 翎凰凍肉有限公司 | E144: 翎凰 | F144: 分销业务冻品水产部销售部 | G144: 凌靖翔 | H144: 至尊梅肉|25KG | I144: 20 | J144: 500 | K144: 千克 | L144: 17217.5 | O144: 14786829 | P144: 已登记 | Q144: 46212 | R144: 46211.425 | S144: 2485989227956797442 | U144: 翎凰 | V144: 46211.424 | W144: =VLOOKUP(H144,物料編碼!A:B,2,0) -> 1300101043 | X144: 1300101 | Y144: =VLOOKUP(X144,物料編碼!D:G,4,0) -> 一號肉 | Z144: =VLOOKUP(C144,客戶屬性1!A:C,2,0) -> 翎凰冻肉有限公司 | AA144: =IF(COUNTIF($O$1:O144,O144)=1,L144,0) -> 17217.5
... A209: 2573633541750390792 | B209: 香港事业部 | C209: NFT00.003034 | D209: 豪氣有限公司 | E209: 豪氣 | F209: 分销业务冻品水产部销售部 | G209: 萧景新 | H209: 高峰柱裝羊卷肉|20KG | I209: 3 | J209: 60 | K209: 千克 | L209: 3528 | O209: 14781133 | P209: 已登记 | Q209: 46205 | R209: 46203.713 | S209: 2454793274168180740 | U209: 豪氣有限公司 | V209: 46203.713 | W209: =VLOOKUP(H209,物料編碼!A:B,2,0) -> 1300511002 | X209: 1300511 | Y209: =VLOOKUP(X209,物料編碼!D:G,4,0) -> 羊卷肉 | Z209: =VLOOKUP(C209,客戶屬性1!A:C,2,0) -> 豪气有限公司 | AA209: =IF(COUNTIF($O$1:O209,O209)=1,L209,0) -> 3528
A210: 2573616817147740163 | B210: 香港事业部 | C210: #N/A | D210: 現沽-推廣(酒飲部) | E210: #N/A | F210: 分销业务销售发展部产品市场部 | G210: 黄蕊 | H210: 有度安溪鐵觀音原味茶（陳香型）_400ml*15 | I210: 75 | J210: 5 | K210: 箱 | L210: 500 | P210: 开立 | Q210: 46548 | R210: 46203.69 | S210: 2549647566767128582 | U210: 現沽-推廣(酒飲部) | V210: 46203.69 | W210: =VLOOKUP(H210,物料編碼!A:B,2,0) -> #N/A | X210: #N/A | Y210: =VLOOKUP(X210,物料編碼!D:G,4,0) -> #N/A | Z210: =VLOOKUP(C210,客戶屬性1!A:C,2,0) -> #N/A | AA210: =IF(COUNTIF($O$1:O210,O210)=1,L210,0) -> 0
A211: 2573570637682442246 | B211: 香港事业部 | C211: NFT00.000230 | D211: 恆輝貿易公司 | E211: 恆輝 | F211: 分销业务冻品水产部销售部 | G211: 凌靖翔 | H211: 遼寧銘川帶皮腿扒|15KG (300克+/塊) | I211: 5 | J211: 75 | K211: 千克 | L211: 1108.5 | O211: 14780877 | P211: 已登记 | Q211: 46205 | R211: 46203.628 | S211: 2393863201643036677 | U211: 許先生 | V211: 46203.628 | W211: =VLOOKUP(H211,物料編碼!A:B,2,0) -> 1300607015 | X211: 1300607 | Y211: =VLOOKUP(X211,物料編碼!D:G,4,0) -> 帶皮腿扒 | Z211: =VLOOKUP(C211,客戶屬性1!A:C,2,0) -> 恒辉贸易公司 | AA211: =IF(COUNTIF($O$1:O211,O211)=1,L211,0) -> 1108.5
A212: 2573557941759115267 | B212: 香港事业部 | C212: NFT00.000230 | D212: 恆輝貿易公司 | E212: 恆輝 | F212: 分销业务冻品水产部销售部 | G212: 凌靖翔 | H212: 河南去皮上腿肉|12KG | I212: 2 | J212: 24 | K212: 千克 | L212: 511.2 | O212: 14780003 | P212: 已登记 | Q212: 46205 | R212: 46203.611 | S212: 2393862875225522194 | U212: 許先生 | V212: 46203.611 | W212: =VLOOKUP(H212,物料編碼!A:B,2,0) -> 1300609001 | X212: 1300609 | Y212: =VLOOKUP(X212,物料編碼!D:G,4,0) -> 去皮上腿肉 | Z212: =VLOOKUP(C212,客戶屬性1!A:C,2,0) -> 恒辉贸易公司 | AA212: =IF(COUNTIF($O$1:O212,O212)=1,L212,0) -> 511.2
A213: 2573557941759115267 | B213: 香港事业部 | C213: NFT00.000230 | D213: 恆輝貿易公司 | E213: 恆輝 | F213: 分销业务冻品水产部销售部 | G213: 凌靖翔 | H213: 山東鴨胸肉|10KG(220-240克/塊) | I213: 1 | J213: 10 | K213: 千克 | L213: 511.2 | O213: 14780003 | P213: 已登记 | Q213: 46205 | R213: 46203.611 | S213: 2393862875225522194 | U213: 許先生 | V213: 46203.611 | W213: =VLOOKUP(H213,物料編碼!A:B,2,0) -> 1300903006 | X213: 1300903 | Y213: =VLOOKUP(X213,物料編碼!D:G,4,0) -> 生鴨胸 | Z213: =VLOOKUP(C213,客戶屬性1!A:C,2,0) -> 恒辉贸易公司 | AA213: =IF(COUNTIF($O$1:O213,O213)=1,L213,0) -> 0
A214: 2573485940927365125 | B214: 香港事业部 | C214: NFT00.000774 | D214: 新昌 | E214: 新昌 | F214: 分销业务冻品水产部 | G214: 张淑燕 | H214: 遼寧欣城雞翅尖IQF|10KG | I214: 2 | J214: 20 | K214: 千克 | L214: 194 | O214: 14780610 | P214: 已登记 | Q214: 46205 | R214: 46203.514 | S214: 2387140254974869510 | U214: 新昌 | V214: 46203.514 | W214: =VLOOKUP(H214,物料編碼!A:B,2,0) -> 1300627002 | X214: 1300627 | Y214: =VLOOKUP(X214,物料編碼!D:G,4,0) -> 翅尖 | Z214: =VLOOKUP(C214,客戶屬性1!A:C,2,0) -> 新昌冻肉 | AA214: =IF(COUNTIF($O$1:O214,O214)=1,L214,0) -> 194
A215: 2573484746903388164 | B215: 香港事业部 | C215: NFT00.000229 | D215: 駿利貿易公司 | E215: 駿利 | F215: 分销业务冻品水产部销售部 | G215: 张淑燕 | H215: 遼寧欣城雞翅尖IQF|10KG | I215: 1 | J215: 10 | K215: 千克 | L215: 97 | O215: 14779924 | P215: 已登记 | Q215: 46205 | R215: 46203.512 | S215: 2387140091766112280 | U215: 駿利貿易公司 | V215: 46203.512 | W215: =VLOOKUP(H215,物料編碼!A:B,2,0) -> 1300627002 | X215: 1300627 | Y215: =VLOOKUP(X215,物料編碼!D:G,4,0) -> 翅尖 | Z215: =VLOOKUP(C215,客戶屬性1!A:C,2,0) -> 骏利贸易公司 | AA215: =IF(COUNTIF($O$1:O215,O215)=1,L215,0) -> 97
A216: 2573469413870141443 | B216: 香港事业部 | C216: NFT00.000385 | D216: 誠信凍肉有限公司 | E216: 誠信 | F216: 分销业务冻品水产部销售部 | G216: 李华兴 | H216: 金鷹面精肉|25KG | I216: 4 | J216: 100 | K216: 千克 | L216: 3273.2 | O216: 14780586 | P216: 已登记 | Q216: 46203 | R216: 46203.492 | S216: 2387140220615131145 | U216: 誠信凍肉有限公司 | V216: 46203.492 | W216: =VLOOKUP(H216,物料編碼!A:B,2,0) -> 1300109002 | X216: 1300109 | Y216: =VLOOKUP(X216,物料編碼!D:G,4,0) -> 面精肉 | Z216: =VLOOKUP(C216,客戶屬性1!A:C,2,0) -> 诚信冻肉有限公司 | AA216: =IF(COUNTIF($O$1:O216,O216)=1,L216,0) -> 3273.2
A217: 2573457465271123972 | B217: 香港事业部 | C217: 15MYKD.KSH05 | D217: 佳城興業有限公司火炭 | E217: 佳城興業 | F217: 分销业务冻品水产部销售部 | G217: 岑美玉 | H217: 優質梅肉|25KG | I217: 10 | J217: 250 | K217: 千克 | L217: 7134.35 | O217: 14778548 | P217: 已登记 | Q217: 46205 | R217: 46203.476 | S217: 2387139902787551241 | U217: 佳城興業有限公司/火炭 | V217: 46203.475 | W217: =VLOOKUP(H217,物料編碼!A:B,2,0) -> 1300101007 | X217: 1300101 | Y217: =VLOOKUP(X217,物料編碼!D:G,4,0) -> 一號肉 | Z217: =VLOOKUP(C217,客戶屬性1!A:C,2,0) -> 佳城兴业有限公司/火炭 | AA217: =IF(COUNTIF($O$1:O217,O217)=1,L217,0) -> 7134.35
A218: 2573457465271123972 | B218: 香港事业部 | C218: 15MYKD.KSH05 | D218: 佳城興業有限公司火炭 | E218: 佳城興業 | F218: 分销业务冻品水产部销售部 | G218: 岑美玉 | H218: 遼寧欣城翅根|10KG(60克以上/只) | I218: 10 | J218: 100 | K218: 千克 | L218: 7134.35 | O218: 14778548 | P218: 已登记 | Q218: 46205 | R218: 46203.476 | S218: 2387139902787551241 | U218: 佳城興業有限公司/火炭 | V218: 46203.475 | W218: =VLOOKUP(H218,物料編碼!A:B,2,0) -> 1300626003 | X218: 1300626 | Y218: =VLOOKUP(X218,物料編碼!D:G,4,0) -> 翅根 | Z218: =VLOOKUP(C218,客戶屬性1!A:C,2,0) -> 佳城兴业有限公司/火炭 | AA218: =IF(COUNTIF($O$1:O218,O218)=1,L218,0) -> 0
A219: 2573449193164111872 | B219: 香港事业部 | C219: NFT00.000759 | D219: 天恆食品有限公司 | E219: 天恆 | F219: 分销业务冻品水产部销售部 | G219: 岑美玉 | H219: 華英煙熏鴨胸肉|10KG (220-240G/塊)日文包裝 | I219: 2 | J219: 20 | K219: 千克 | L219: 3508.4 | O219: 14778536 | P219: 已登记 | Q219: 46203 | R219: 46203.464 | S219: 2393884607760039945 | U219: 梁先生 | V219: 46203.464 | W219: =VLOOKUP(H219,物料編碼!A:B,2,0) -> 1300904023 | X219: 1300904 | Y219: =VLOOKUP(X219,物料編碼!D:G,4,0) -> 煙熏鴨胸 | Z219: =VLOOKUP(C219,客戶屬性1!A:C,2,0) -> 天恒食品有限公司 | AA219: =IF(COUNTIF($O$1:O219,O219)=1,L219,0) -> 3508.4
A220: 2573449193164111872 | B220: 香港事业部 | C220: NFT00.000759 | D220: 天恆食品有限公司 | E220: 天恆 | F220: 分销业务冻品水产部销售部 | G220: 岑美玉 | H220: 伊美佳12支骨法式羊排|20KG | I220: 2 | J220: 40 | K220: 千克 | L220: 3508.4 | O220: 14778536 | P220: 已登记 | Q220: 46203 | R220: 46203.464 | S220: 2393884607760039945 | U220: 梁先生 | V220: 46203.464 | W220: =VLOOKUP(H220,物料編碼!A:B,2,0) -> 1300501029 | X220: 1300501 | Y220: =VLOOKUP(X220,物料編碼!D:G,4,0) -> 羊排 | Z220: =VLOOKUP(C220,客戶屬性1!A:C,2,0) -> 天恒食品有限公司 | AA220: =IF(COUNTIF($O$1:O220,O220)=1,L220,0) -> 0
A221: 2573448583301824520 | B221: 香港事业部 | C221: NFT00.000230 | D221: 恆輝貿易公司 | E221: 恆輝 | F221: 分销业务冻品水产部销售部 | G221: 凌靖翔 | H221: 遼寧銘川帶皮腿扒|15KG (250克+/塊) | I221: 1 | J221: 15 | K221: 千克 | L221: 221.7 | O221: 14779859 | P221: 已登记 | Q221: 46205 | R221: 46203.464 | S221: 2393862608937549832 | U221: 許先生 | V221: 46203.463 | W221: =VLOOKUP(H221,物料編碼!A:B,2,0) -> 1300607014 | X221: 1300607 | Y221: =VLOOKUP(X221,物料編碼!D:G,4,0) -> 帶皮腿扒 | Z221: =VLOOKUP(C221,客戶屬性1!A:C,2,0) -> 恒辉贸易公司 | AA221: =IF(COUNTIF($O$1:O221,O221)=1,L221,0) -> 221.7
A222: 2573433834361061384 | B222: 香港事业部 | C222: NFT00.000168 | D222: 明記凍肉 | E222: 明記 | F222: 分销业务冻品水产部销售部 | G222: 凌靖翔 | H222: 遼寧欣城琵琶腿130-150G|10KG(5KG*2) | I222: 1 | J222: 10 | K222: 千克 | L222: 129 | O222: 14779822 | P222: 已登记 | Q222: 46203 | R222: 46203.444 | S222: 2387140048816439304 | U222: 明記凍肉 | V222: 46203.444 | W222: =VLOOKUP(H222,物料編碼!A:B,2,0) -> 1300624103 | X222: 1300624 | Y222: =VLOOKUP(X222,物料編碼!D:G,4,0) -> 琵琶腿 | Z222: =VLOOKUP(C222,客戶屬性1!A:C,2,0) -> 明记冻肉 | AA222: =IF(COUNTIF($O$1:O222,O222)=1,L222,0) -> 129
... A508: 2553334151947747328 | B508: 香港事业部 | C508: NFT00.000230 | D508: 恆輝貿易公司 | E508: 恆輝 | F508: 分销业务冻品水产部销售部 | G508: 凌靖翔 | H508: 遼寧銘川帶皮腿扒|15KG (300克+/塊) | I508: 7 | J508: 105 | K508: 千克 | L508: 1551.9 | O508: 14756041 | P508: 已登记 | Q508: 46176 | R508: 46176.361 | S508: 2393862608937549832 | U508: 許先生 | V508: 46176.361 | W508: =VLOOKUP(H508,物料編碼!A:B,2,0) -> 1300607015 | X508: 1300607 | Y508: =VLOOKUP(X508,物料編碼!D:G,4,0) -> 帶皮腿扒 | Z508: =VLOOKUP(C508,客戶屬性1!A:C,2,0) -> 恒辉贸易公司 | AA508: =IF(COUNTIF($O$1:O508,O508)=1,L508,0) -> 1551.9
A509: 2552813095088029703 | B509: 香港事业部 | C509: #N/A | D509: 華潤膳食管理部 | E509: #N/A | F509: 分销业务销售发展部销售部 | G509: 黎文欣 | H509: 高富牌特級珍珠米(綠袋)|25KG | I509: 5 | J509: 5 | K509: 包 | L509: 1025 | O509: 14755797 | P509: 已登记 | Q509: 46178 | R509: 46175.659 | S509: 2523869439344508931 | U509: 華潤膳食管理部 | V509: 46175.659 | W509: =VLOOKUP(H509,物料編碼!A:B,2,0) -> #N/A | X509: #N/A | Y509: =VLOOKUP(X509,物料編碼!D:G,4,0) -> #N/A | Z509: =VLOOKUP(C509,客戶屬性1!A:C,2,0) -> #N/A | AA509: =IF(COUNTIF($O$1:O509,O509)=1,L509,0) -> 1025
A510: 2552772688053010436 | B510: 香港事业部 | C510: NFT00.000230 | D510: 恆輝貿易公司 | E510: 恆輝 | F510: 分销业务冻品水产部销售部 | G510: 凌靖翔 | H510: 遼寧欣城帶骨雞全腿 240-260G|15KG | I510: 2 | J510: 30 | K510: 千克 | L510: 450 | O510: 14754956 | P510: 已登记 | Q510: 46176 | R510: 46175.605 | S510: 2393862875225522194 | U510: 許先生 | V510: 46175.605 | W510: =VLOOKUP(H510,物料編碼!A:B,2,0) -> 1300603038 | X510: 1300603 | Y510: =VLOOKUP(X510,物料編碼!D:G,4,0) -> 帶骨全腿 | Z510: =VLOOKUP(C510,客戶屬性1!A:C,2,0) -> 恒辉贸易公司 | AA510: =IF(COUNTIF($O$1:O510,O510)=1,L510,0) -> 450
A511: 2552688987713044488 | B511: 香港事业部 | C511: NFT00.002551 | D511: 溢利食品(香港)有限公司 | E511: 溢利 | F511: 分销业务冻品水产部销售部 | G511: 凌靖翔 | H511: 中國紅布腸|20KG | I511: 2 | J511: 40 | K511: 千克 | L511: 980 | O511: 14753466 | P511: 已登记 | Q511: 46176 | R511: 46175.492 | S511: 2471768556880003081 | U511: 溢利 | V511: 46175.492 | W511: =VLOOKUP(H511,物料編碼!A:B,2,0) -> 1300114011 | X511: 1300114 | Y511: =VLOOKUP(X511,物料編碼!D:G,4,0) -> 熟食 | Z511: =VLOOKUP(C511,客戶屬性1!A:C,2,0) -> 溢利食品(香港)有限公司 | AA511: =IF(COUNTIF($O$1:O511,O511)=1,L511,0) -> 980
A512: 2552643710185111560 | B512: 香港事业部 | C512: NFT00.000185 | D512: 萬駿貿易公司 | E512: 萬駿 | F512: 分销业务冻品水产部销售部 | G512: 岑美玉 | H512: 中國梅肉|25KG | I512: 10 | J512: 250 | K512: 千克 | L512: 6500 | O512: 14754661 | P512: 已登记 | Q512: 46175 | R512: 46175.431 | S512: 2489640319525584898 | U512: 萬駿 | V512: 46175.431 | W512: =VLOOKUP(H512,物料編碼!A:B,2,0) -> 1300101040 | X512: 1300101 | Y512: =VLOOKUP(X512,物料編碼!D:G,4,0) -> 一號肉 | Z512: =VLOOKUP(C512,客戶屬性1!A:C,2,0) -> 万骏贸易公司 | AA512: =IF(COUNTIF($O$1:O512,O512)=1,L512,0) -> 6500
A513: 2552639037260693511 | B513: 香港事业部 | C513: NFT00.000168 | D513: 明記凍肉 | E513: 明記 | F513: 分销业务冻品水产部销售部 | G513: 凌靖翔 | H513: 山東鴨胸肉|10KG(220-240克/塊) | I513: 1 | J513: 10 | K513: 千克 | L513: 132 | O513: 14754655 | P513: 已关闭 | Q513: 46175 | R513: 46175.425 | S513: 2387140048816439304 | U513: 明記凍肉 | V513: 46175.425 | W513: =VLOOKUP(H513,物料編碼!A:B,2,0) -> 1300903006 | X513: 1300903 | Y513: =VLOOKUP(X513,物料編碼!D:G,4,0) -> 生鴨胸 | Z513: =VLOOKUP(C513,客戶屬性1!A:C,2,0) -> 明记冻肉 | AA513: =IF(COUNTIF($O$1:O513,O513)=1,L513,0) -> 132
A514: 2552134309866635265 | B514: 香港事业部 | C514: NFT00.000230 | D514: 恆輝貿易公司 | E514: 恆輝 | F514: 分销业务冻品水产部销售部 | G514: 凌靖翔 | H514: 金鷹梅肉|25KG | I514: 1 | J514: 25 | K514: 千克 | L514: 840 | O514: 14753256 | P514: 已登记 | Q514: 46175 | R514: 46174.745 | S514: 2460695736053923847 | U514: 恆輝 | V514: 46174.745 | W514: =VLOOKUP(H514,物料編碼!A:B,2,0) -> 1300101018 | X514: 1300101 | Y514: =VLOOKUP(X514,物料編碼!D:G,4,0) -> 一號肉 | Z514: =VLOOKUP(C514,客戶屬性1!A:C,2,0) -> 恒辉贸易公司 | AA514: =IF(COUNTIF($O$1:O514,O514)=1,L514,0) -> 840
A515: 2552131698543820806 | B515: 香港事业部 | C515: NFT00.001511 | D515: 福永行貿易有限公司 | E515: 福永行 | F515: 分销业务冻品水产部销售部 | G515: 岑美玉 | H515: 中國金鯧魚(200-300G)|10KG(藍帶) | I515: 1 | J515: 10 | K515: 千克 | L515: 330 | O515: 14754326 | P515: 已关闭 | Q515: 46175 | R515: 46174.741 | S515: 2393952442473512966 | U515: 福永行貿易有限公司 | V515: 46174.741 | W515: =VLOOKUP(H515,物料編碼!A:B,2,0) -> 1800108095 | X515: 1800108 | Y515: =VLOOKUP(X515,物料編碼!D:G,4,0) -> 魚.其他 | Z515: =VLOOKUP(C515,客戶屬性1!A:C,2,0) -> 福永行贸易有限公司 | AA515: =IF(COUNTIF($O$1:O515,O515)=1,L515,0) -> 330
A516: 2552045172132675584 | B516: 香港事业部 | C516: NFT00.000230 | D516: 恆輝貿易公司 | E516: 恆輝 | F516: 分销业务冻品水产部销售部 | G516: 凌靖翔 | H516: 金鷹寸骨|10KG (1K*10包) | I516: 1 | J516: 10 | K516: 千克 | L516: 520 | O516: 14754177 | P516: 已登记 | Q516: 46175 | R516: 46174.625 | S516: 2393862608937549832 | U516: 許先生 | V516: 46174.625 | W516: =VLOOKUP(H516,物料編碼!A:B,2,0) -> 1300111003 | X516: 1300111 | Y516: =VLOOKUP(X516,物料編碼!D:G,4,0) -> 寸骨 | Z516: =VLOOKUP(C516,客戶屬性1!A:C,2,0) -> 恒辉贸易公司 | AA516: =IF(COUNTIF($O$1:O516,O516)=1,L516,0) -> 520
A517: 2551951327097257989 | B517: 香港事业部 | C517: NFT00.000385 | D517: 誠信凍肉有限公司 | E517: 誠信 | F517: 分销业务冻品水产部销售部 | G517: 李华兴 | H517: 金鷹面精肉|25KG | I517: 2 | J517: 50 | K517: 千克 | L517: 1630 | O517: 14753939 | P517: 已登记 | Q517: 46174 | R517: 46174.498 | S517: 2387140220615131145 | U517: 誠信凍肉有限公司 | V517: 46174.498 | W517: =VLOOKUP(H517,物料編碼!A:B,2,0) -> 1300109002 | X517: 1300109 | Y517: =VLOOKUP(X517,物料編碼!D:G,4,0) -> 面精肉 | Z517: =VLOOKUP(C517,客戶屬性1!A:C,2,0) -> 诚信冻肉有限公司 | AA517: =IF(COUNTIF($O$1:O517,O517)=1,L517,0) -> 1630
A518: 2551944197434245127 | B518: 香港事业部 | C518: NFT00.000881 | D518: 明興食品有限公司(元朗) | E518: 明興 | F518: 分销业务冻品水产部销售部 | G518: 许至邦 | H518: 金鷹面精肉|25KG | I518: 5 | J518: 125 | K518: 千克 | L518: 4075 | O518: 14752993 | P518: 已登记 | Q518: 46175 | R518: 46174.489 | S518: 2393949075219152898 | U518: 明興食品有限公司(元朗) | V518: 46174.488 | W518: =VLOOKUP(H518,物料編碼!A:B,2,0) -> 1300109002 | X518: 1300109 | Y518: =VLOOKUP(X518,物料編碼!D:G,4,0) -> 面精肉 | Z518: =VLOOKUP(C518,客戶屬性1!A:C,2,0) -> 明兴食品有限公司(元朗) | AA518: =IF(COUNTIF($O$1:O518,O518)=1,L518,0) -> 4075
A519: 2551923719047479304 | B519: 香港事业部 | C519: NFT00.000774 | D519: 新昌 | E519: 新昌 | F519: 分销业务冻品水产部 | G519: 张淑燕 | H519: 金鷹面精肉|25KG | I519: 1 | J519: 25 | K519: 千克 | L519: 2000.1 | O519: 14752954 | P519: 已登记 | Q519: 46175 | R519: 46174.461 | S519: 2387140254974869510 | U519: 新昌 | V519: 46174.461 | W519: =VLOOKUP(H519,物料編碼!A:B,2,0) -> 1300109002 | X519: 1300109 | Y519: =VLOOKUP(X519,物料編碼!D:G,4,0) -> 面精肉 | Z519: =VLOOKUP(C519,客戶屬性1!A:C,2,0) -> 新昌冻肉 | AA519: =IF(COUNTIF($O$1:O519,O519)=1,L519,0) -> 2000.1
A520: 2551923719047479304 | B520: 香港事业部 | C520: NFT00.000774 | D520: 新昌 | E520: 新昌 | F520: 分销业务冻品水产部 | G520: 张淑燕 | H520: 金鷹寸骨|10KG (1K*10包) | I520: 1 | J520: 10 | K520: 千克 | L520: 2000.1 | O520: 14752954 | P520: 已登记 | Q520: 46175 | R520: 46174.461 | S520: 2387140254974869510 | U520: 新昌 | V520: 46174.461 | W520: =VLOOKUP(H520,物料編碼!A:B,2,0) -> 1300111003 | X520: 1300111 | Y520: =VLOOKUP(X520,物料編碼!D:G,4,0) -> 寸骨 | Z520: =VLOOKUP(C520,客戶屬性1!A:C,2,0) -> 新昌冻肉 | AA520: =IF(COUNTIF($O$1:O520,O520)=1,L520,0) -> 0
A521: 2551923719047479304 | B521: 香港事业部 | C521: NFT00.000774 | D521: 新昌 | E521: 新昌 | F521: 分销业务冻品水产部 | G521: 张淑燕 | H521: 遼寧銘川帶皮腿扒|15KG (300克+/塊) | I521: 3 | J521: 45 | K521: 千克 | L521: 2000.1 | O521: 14752954 | P521: 已登记 | Q521: 46175 | R521: 46174.461 | S521: 2387140254974869510 | U521: 新昌 | V521: 46174.461 | W521: =VLOOKUP(H521,物料編碼!A:B,2,0) -> 1300607015 | X521: 1300607 | Y521: =VLOOKUP(X521,物料編碼!D:G,4,0) -> 帶皮腿扒 | Z521: =VLOOKUP(C521,客戶屬性1!A:C,2,0) -> 新昌冻肉 | AA521: =IF(COUNTIF($O$1:O521,O521)=1,L521,0) -> 0
... A551: 2548908316998238212 | B551: 香港事业部 | C551: NFT00.000185 | D551: 萬駿貿易公司 | E551: 萬駿 | F551: 分销业务冻品水产部销售部 | G551: 岑美玉 | H551: 中國梅肉|25KG | I551: 5 | J551: 125 | K551: 千克 | L551: 3250 | O551: 14749102 | P551: 已登记 | Q551: 46170 | R551: 46170.398 | S551: 2489640319525584898 | U551: 萬駿 | V551: 46170.398 | W551: =VLOOKUP(H551,物料編碼!A:B,2,0) -> 1300101040 | X551: 1300101 | Y551: =VLOOKUP(X551,物料編碼!D:G,4,0) -> 一號肉 | Z551: =VLOOKUP(C551,客戶屬性1!A:C,2,0) -> 万骏贸易公司 | AA551: =IF(COUNTIF($O$1:O551,O551)=1,L551,0) -> 3250
A552: 2548907337728393217 | B552: 香港事业部 | C552: NFT00.000169 | D552: 福源食品有限公司 | E552: 福源 | F552: 分销业务冻品水产部销售部 | G552: 罗展勤 | H552: 西班牙Ready純鮮蘋果汁(接骨木花)_500ml | I552: 1 | J552: 8 | K552: 瓶 | L552: 230 | O552: 14750267 | P552: 已登记 | Q552: 46170 | R552: 46170.397 | S552: 2393853151419564039 | U552: 福源食品有限公司 | V552: 46170.397 | W552: =VLOOKUP(H552,物料編碼!A:B,2,0) -> #N/A | X552: #N/A | Y552: =VLOOKUP(X552,物料編碼!D:G,4,0) -> #N/A | Z552: =VLOOKUP(C552,客戶屬性1!A:C,2,0) -> 福源食品有限公司 | AA552: =IF(COUNTIF($O$1:O552,O552)=1,L552,0) -> 230
A553: 2548907337728393217 | B553: 香港事业部 | C553: NFT00.000169 | D553: 福源食品有限公司 | E553: 福源 | F553: 分销业务冻品水产部销售部 | G553: 罗展勤 | H553: 西班牙Ready純鮮橙汁含果肉_500ml | I553: 1 | J553: 8 | K553: 瓶 | L553: 230 | O553: 14750267 | P553: 已登记 | Q553: 46170 | R553: 46170.397 | S553: 2393853151419564039 | U553: 福源食品有限公司 | V553: 46170.397 | W553: =VLOOKUP(H553,物料編碼!A:B,2,0) -> #N/A | X553: #N/A | Y553: =VLOOKUP(X553,物料編碼!D:G,4,0) -> #N/A | Z553: =VLOOKUP(C553,客戶屬性1!A:C,2,0) -> 福源食品有限公司 | AA553: =IF(COUNTIF($O$1:O553,O553)=1,L553,0) -> 0
A554: 2548907019900813321 | B554: 香港事业部 | C554: NFT00.000357 | D554: 三明有限公司 | E554: 三明 | F554: 分销业务冻品水产部销售部 | G554: 张淑燕 | H554: 金鷹面精肉|25KG | I554: 8 | J554: 200 | K554: 千克 | L554: 6520 | O554: 14750265 | P554: 已登记 | Q554: 46170 | R554: 46170.396 | S554: 2460735601940365319 | U554: 三明 | V554: 46170.396 | W554: =VLOOKUP(H554,物料編碼!A:B,2,0) -> 1300109002 | X554: 1300109 | Y554: =VLOOKUP(X554,物料編碼!D:G,4,0) -> 面精肉 | Z554: =VLOOKUP(C554,客戶屬性1!A:C,2,0) -> 三明有限公司 | AA554: =IF(COUNTIF($O$1:O554,O554)=1,L554,0) -> 6520
A555: 2548906358475849731 | B555: 香港事业部 | C555: NFT00.000168 | D555: 明記凍肉 | E555: 明記 | F555: 分销业务冻品水产部销售部 | G555: 凌靖翔 | H555: 遼寧欣城琵琶腿130-150G|10KG(10KG*1) | I555: 1 | J555: 10 | K555: 千克 | L555: 132 | O555: 14750261 | P555: 已关闭 | Q555: 46170 | R555: 46170.395 | S555: 2387140048816439304 | U555: 明記凍肉 | V555: 46170.395 | W555: =VLOOKUP(H555,物料編碼!A:B,2,0) -> 1300624104 | X555: 1300624 | Y555: =VLOOKUP(X555,物料編碼!D:G,4,0) -> 琵琶腿 | Z555: =VLOOKUP(C555,客戶屬性1!A:C,2,0) -> 明记冻肉 | AA555: =IF(COUNTIF($O$1:O555,O555)=1,L555,0) -> 132
A556: 2548900981194096647 | B556: 香港事业部 | C556: NFT00.000168 | D556: 明記凍肉 | E556: 明記 | F556: 分销业务冻品水产部销售部 | G556: 凌靖翔 | H556: 遼寧欣城雞翅尖IQF|10KG | I556: 2 | J556: 20 | K556: 千克 | L556: 194 | O556: 14749077 | P556: 已登记 | Q556: 46170 | R556: 46170.388 | S556: 2387140048816439304 | U556: 明記凍肉 | V556: 46170.388 | W556: =VLOOKUP(H556,物料編碼!A:B,2,0) -> 1300627002 | X556: 1300627 | Y556: =VLOOKUP(X556,物料編碼!D:G,4,0) -> 翅尖 | Z556: =VLOOKUP(C556,客戶屬性1!A:C,2,0) -> 明记冻肉 | AA556: =IF(COUNTIF($O$1:O556,O556)=1,L556,0) -> 194
A557: 2548416139498618884 | B557: 香港事业部 | C557: NFT00.000140 | D557: 聯合林記食品有限公司 | E557: 聯合林記 | F557: 分销业务冻品水产部销售部 | G557: 莫艺生 | H557: 河南去皮上腿肉|12KG | I557: 10 | J557: 120 | K557: 千克 | L557: 1884 | O557: 14749047 | P557: 已登记 | Q557: 46170 | R557: 46169.735 | S557: 2496264121168691208 | U557: 聯合林記 | V557: 46169.735 | W557: =VLOOKUP(H557,物料編碼!A:B,2,0) -> 1300609001 | X557: 1300609 | Y557: =VLOOKUP(X557,物料編碼!D:G,4,0) -> 去皮上腿肉 | Z557: =VLOOKUP(C557,客戶屬性1!A:C,2,0) -> 联合林记食品有限公司 | AA557: =IF(COUNTIF($O$1:O557,O557)=1,L557,0) -> 1884
A558: 2548407850229039110 | B558: 香港事业部 | C558: NFT00.000168 | D558: 明記凍肉 | E558: 明記 | F558: 分销业务冻品水产部销售部 | G558: 凌靖翔 | H558: 遼寧欣城雞翅尖IQF|10KG | I558: 2 | J558: 20 | K558: 千克 | L558: 194 | O558: 14749048 | P558: 已关闭 | Q558: 46170 | R558: 46169.724 | S558: 2387140048816439304 | U558: 明記凍肉 | V558: 46169.724 | W558: =VLOOKUP(H558,物料編碼!A:B,2,0) -> 1300627002 | X558: 1300627 | Y558: =VLOOKUP(X558,物料編碼!D:G,4,0) -> 翅尖 | Z558: =VLOOKUP(C558,客戶屬性1!A:C,2,0) -> 明记冻肉 | AA558: =IF(COUNTIF($O$1:O558,O558)=1,L558,0) -> 194
A559: 2548356765870718978 | B559: 香港事业部 | C559: NFT00.000230 | D559: 恆輝貿易公司 | E559: 恆輝 | F559: 分销业务冻品水产部销售部 | G559: 凌靖翔 | H559: 遼寧銘川帶皮腿扒|15KG (300克+/塊) | I559: 3 | J559: 45 | K559: 千克 | L559: 665.1 | O559: 14748981 | P559: 已登记 | Q559: 46170 | R559: 46169.655 | S559: 2393862608937549832 | U559: 許先生 | V559: 46169.655 | W559: =VLOOKUP(H559,物料編碼!A:B,2,0) -> 1300607015 | X559: 1300607 | Y559: =VLOOKUP(X559,物料編碼!D:G,4,0) -> 帶皮腿扒 | Z559: =VLOOKUP(C559,客戶屬性1!A:C,2,0) -> 恒辉贸易公司 | AA559: =IF(COUNTIF($O$1:O559,O559)=1,L559,0) -> 665.1
A560: 2548259021004996616 | B560: 香港事业部 | C560: NFT00.003074 | D560: 信隆(亞洲)有限公司 | E560: 信隆 | F560: 分销业务冻品水产部销售部 | G560: 谭小君 | H560: 高峰法式羊排 8 支骨|20KG | I560: 2 | J560: 40 | K560: 千克 | L560: 3720 | O560: 14749785 | P560: 已登记 | Q560: 46170 | R560: 46169.523 | S560: 2454048363630297094 | U560: 信隆(亞洲)有限公司 | V560: 46169.523 | W560: =VLOOKUP(H560,物料編碼!A:B,2,0) -> 1300501020 | X560: 1300501 | Y560: =VLOOKUP(X560,物料編碼!D:G,4,0) -> 羊排 | Z560: =VLOOKUP(C560,客戶屬性1!A:C,2,0) -> 信隆(亚洲)有限公司 | AA560: =IF(COUNTIF($O$1:O560,O560)=1,L560,0) -> 3720
A561: 2548214379114921991 | B561: 香港事业部 | C561: NFT00.000185 | D561: 萬駿貿易公司 | E561: 萬駿 | F561: 分销业务冻品水产部销售部 | G561: 岑美玉 | H561: 中國紅布腸|20KG | I561: 4 | J561: 80 | K561: 千克 | L561: 1872 | O561: 14749610 | P561: 已登记 | Q561: 46169 | R561: 46169.463 | S561: 2489640319525584898 | U561: 萬駿 | V561: 46169.463 | W561: =VLOOKUP(H561,物料編碼!A:B,2,0) -> 1300114011 | X561: 1300114 | Y561: =VLOOKUP(X561,物料編碼!D:G,4,0) -> 熟食 | Z561: =VLOOKUP(C561,客戶屬性1!A:C,2,0) -> 万骏贸易公司 | AA561: =IF(COUNTIF($O$1:O561,O561)=1,L561,0) -> 1872
A562: 2548190275775758344 | B562: 香港事业部 | C562: NFT00.000273 | D562: 皇品有限公司 | E562: 皇品 | F562: 分销业务冻品水产部销售部 | G562: 凌靖翔 | H562: 河南華英凍鴨舌(無鬚)|10KG | I562: 1 | J562: 10 | K562: 千克 | L562: 950 | O562: 14748529 | P562: 已登记 | Q562: 46169 | R562: 46169.431 | S562: 2387140126125850625 | U562: 皇品有限公司 | V562: 46169.43 | W562: =VLOOKUP(H562,物料編碼!A:B,2,0) -> 1300913005 | X562: 1300913 | Y562: =VLOOKUP(X562,物料編碼!D:G,4,0) -> 鴨舌 | Z562: =VLOOKUP(C562,客戶屬性1!A:C,2,0) -> 皇品有限公司 | AA562: =IF(COUNTIF($O$1:O562,O562)=1,L562,0) -> 950
A563: 2548185989381095432 | B563: 香港事业部 | C563: NFT00.000140 | D563: 聯合林記食品有限公司 | E563: 聯合林記 | F563: 分销业务冻品水产部销售部 | G563: 莫艺生 | H563: 河南去皮上腿肉|12KG | I563: 10 | J563: 120 | K563: 千克 | L563: 1884 | O563: 14748517 | P563: 已登记 | Q563: 46169 | R563: 46169.425 | S563: 2496264121168691208 | U563: 聯合林記 | V563: 46169.425 | W563: =VLOOKUP(H563,物料編碼!A:B,2,0) -> 1300609001 | X563: 1300609 | Y563: =VLOOKUP(X563,物料編碼!D:G,4,0) -> 去皮上腿肉 | Z563: =VLOOKUP(C563,客戶屬性1!A:C,2,0) -> 联合林记食品有限公司 | AA563: =IF(COUNTIF($O$1:O563,O563)=1,L563,0) -> 1884
A564: 2548174538998284290 | B564: 香港事业部 | C564: NFT00.000357 | D564: 三明有限公司 | E564: 三明 | F564: 分销业务冻品水产部销售部 | G564: 张淑燕 | H564: 中國紅布腸|20KG | I564: 1 | J564: 20 | K564: 千克 | L564: 468 | O564: 14748642 | P564: 已登记 | Q564: 46169 | R564: 46169.409 | S564: 2460735601940365319 | U564: 三明 | V564: 46169.409 | W564: =VLOOKUP(H564,物料編碼!A:B,2,0) -> 1300114011 | X564: 1300114 | Y564: =VLOOKUP(X564,物料編碼!D:G,4,0) -> 熟食 | Z564: =VLOOKUP(C564,客戶屬性1!A:C,2,0) -> 三明有限公司 | AA564: =IF(COUNTIF($O$1:O564,O564)=1,L564,0) -> 468
A565: 2548172778078994441 | B565: 香港事业部 | C565: NFT00.000357 | D565: 三明有限公司 | E565: 三明 | F565: 分销业务冻品水产部销售部 | G565: 张淑燕 | H565: 高峰法式羊排 8 支骨|20KG | I565: 1 | J565: 20 | K565: 千克 | L565: 1860 | O565: 14748458 | P565: 已登记 | Q565: 46169 | R565: 46169.407 | S565: 2460735601940365319 | U565: 三明 | V565: 46169.407 | W565: =VLOOKUP(H565,物料編碼!A:B,2,0) -> 1300501020 | X565: 1300501 | Y565: =VLOOKUP(X565,物料編碼!D:G,4,0) -> 羊排 | Z565: =VLOOKUP(C565,客戶屬性1!A:C,2,0) -> 三明有限公司 | AA565: =IF(COUNTIF($O$1:O565,O565)=1,L565,0) -> 1860
... A668: 2538511927753048072 | B668: 香港事业部 | C668: NFT00.002279 | D668: 祥興食品公司 | E668: 祥興 | F668: 分销业务冻品水产部销售部 | G668: 李华兴 | H668: 中國紅布腸|20KG | I668: 2 | J668: 40 | K668: 千克 | L668: 980 | O668: 14736783 | P668: 已登记 | Q668: 46156 | R668: 46156.39 | S668: 2387140538442711052 | U668: 祥興食品公司 | V668: 46156.39 | W668: =VLOOKUP(H668,物料編碼!A:B,2,0) -> 1300114011 | X668: 1300114 | Y668: =VLOOKUP(X668,物料編碼!D:G,4,0) -> 熟食 | Z668: =VLOOKUP(C668,客戶屬性1!A:C,2,0) -> 祥兴食品公司 | AA668: =IF(COUNTIF($O$1:O668,O668)=1,L668,0) -> 980
A669: 2538010979940171781 | B669: 香港事业部 | C669: #N/A | D669: 華潤膳食管理部 | E669: #N/A | F669: 分销业务销售发展部销售部 | G669: 黎文欣 | H669: 高富牌特級珍珠米(綠袋)|25KG | I669: 5 | J669: 5 | K669: 包 | L669: 1025 | O669: 14736044 | P669: 已登记 | Q669: 46156 | R669: 46155.715 | S669: 2523869439344508931 | U669: 華潤膳食管理部 | V669: 46155.715 | W669: =VLOOKUP(H669,物料編碼!A:B,2,0) -> #N/A | X669: #N/A | Y669: =VLOOKUP(X669,物料編碼!D:G,4,0) -> #N/A | Z669: =VLOOKUP(C669,客戶屬性1!A:C,2,0) -> #N/A | AA669: =IF(COUNTIF($O$1:O669,O669)=1,L669,0) -> 1025
A670: 2537946186070884361 | B670: 香港事业部 | C670: NFT00.000385 | D670: 誠信凍肉有限公司 | E670: 誠信 | F670: 分销业务冻品水产部销售部 | G670: 李华兴 | H670: 金鷹面精肉|25KG | I670: 1 | J670: 25 | K670: 千克 | L670: 815 | O670: 14735987 | P670: 已登记 | Q670: 46156 | R670: 46155.628 | S670: 2387140220615131145 | U670: 誠信凍肉有限公司 | V670: 46155.628 | W670: =VLOOKUP(H670,物料編碼!A:B,2,0) -> 1300109002 | X670: 1300109 | Y670: =VLOOKUP(X670,物料編碼!D:G,4,0) -> 面精肉 | Z670: =VLOOKUP(C670,客戶屬性1!A:C,2,0) -> 诚信冻肉有限公司 | AA670: =IF(COUNTIF($O$1:O670,O670)=1,L670,0) -> 815
A671: 2537868696263589893 | B671: 香港事业部 | C671: NFT00.002551 | D671: 溢利食品(香港)有限公司 | E671: 溢利 | F671: 分销业务冻品水产部销售部 | G671: 凌靖翔 | H671: 金鷹梅肉|25KG | I671: 4 | J671: 100 | K671: 千克 | L671: 3150 | O671: 14735482 | P671: 已登记 | Q671: 46156 | R671: 46155.523 | S671: 2471768556880003081 | U671: 溢利 | V671: 46155.523 | W671: =VLOOKUP(H671,物料編碼!A:B,2,0) -> 1300101018 | X671: 1300101 | Y671: =VLOOKUP(X671,物料編碼!D:G,4,0) -> 一號肉 | Z671: =VLOOKUP(C671,客戶屬性1!A:C,2,0) -> 溢利食品(香港)有限公司 | AA671: =IF(COUNTIF($O$1:O671,O671)=1,L671,0) -> 3150
A672: 2537848089010503688 | B672: 香港事业部 | C672: NFT00.000230 | D672: 恆輝貿易公司 | E672: 恆輝 | F672: 分销业务冻品水产部销售部 | G672: 凌靖翔 | H672: 遼寧欣城帶骨雞全腿 280-300G|15KG | I672: 1 | J672: 15 | K672: 千克 | L672: 1017.35 | O672: 14735853 | P672: 已登记 | Q672: 46156 | R672: 46155.495 | S672: 2460695736053923847 | U672: 恆輝 | V672: 46155.495 | W672: =VLOOKUP(H672,物料編碼!A:B,2,0) -> 1300603040 | X672: 1300603 | Y672: =VLOOKUP(X672,物料編碼!D:G,4,0) -> 帶骨全腿 | Z672: =VLOOKUP(C672,客戶屬性1!A:C,2,0) -> 恒辉贸易公司 | AA672: =IF(COUNTIF($O$1:O672,O672)=1,L672,0) -> 1017.35
A673: 2537848089010503688 | B673: 香港事业部 | C673: NFT00.000230 | D673: 恆輝貿易公司 | E673: 恆輝 | F673: 分销业务冻品水产部销售部 | G673: 凌靖翔 | H673: 華英鴨胸肉|10KG 200-220G/塊) | I673: 2 | J673: 20 | K673: 千克 | L673: 1017.35 | O673: 14735853 | P673: 已登记 | Q673: 46156 | R673: 46155.495 | S673: 2460695736053923847 | U673: 恆輝 | V673: 46155.495 | W673: =VLOOKUP(H673,物料編碼!A:B,2,0) -> 1300903002 | X673: 1300903 | Y673: =VLOOKUP(X673,物料編碼!D:G,4,0) -> 生鴨胸 | Z673: =VLOOKUP(C673,客戶屬性1!A:C,2,0) -> 恒辉贸易公司 | AA673: =IF(COUNTIF($O$1:O673,O673)=1,L673,0) -> 0
A674: 2537848089010503688 | B674: 香港事业部 | C674: NFT00.000230 | D674: 恆輝貿易公司 | E674: 恆輝 | F674: 分销业务冻品水产部销售部 | G674: 凌靖翔 | H674: 遼寧欣城去皮雞胸肉|12KG | I674: 4 | J674: 48 | K674: 千克 | L674: 1017.35 | O674: 14735853 | P674: 已登记 | Q674: 46156 | R674: 46155.495 | S674: 2460695736053923847 | U674: 恆輝 | V674: 46155.495 | W674: =VLOOKUP(H674,物料編碼!A:B,2,0) -> 1300612023 | X674: 1300612 | Y674: =VLOOKUP(X674,物料編碼!D:G,4,0) -> 去皮胸肉 | Z674: =VLOOKUP(C674,客戶屬性1!A:C,2,0) -> 恒辉贸易公司 | AA674: =IF(COUNTIF($O$1:O674,O674)=1,L674,0) -> 0
A675: 2537837763909124103 | B675: 香港事业部 | C675: NFT00.000774 | D675: 新昌 | E675: 新昌 | F675: 分销业务冻品水产部 | G675: 张淑燕 | H675: 遼寧欣城帶骨雞全腿 300-320G|15KG | I675: 2 | J675: 30 | K675: 千克 | L675: 1423.8 | O675: 14735835 | P675: 已登记 | Q675: 46156 | R675: 46155.482 | S675: 2387140254974869510 | U675: 新昌 | V675: 46155.481 | W675: =VLOOKUP(H675,物料編碼!A:B,2,0) -> 1300603041 | X675: 1300603 | Y675: =VLOOKUP(X675,物料編碼!D:G,4,0) -> 帶骨全腿 | Z675: =VLOOKUP(C675,客戶屬性1!A:C,2,0) -> 新昌冻肉 | AA675: =IF(COUNTIF($O$1:O675,O675)=1,L675,0) -> 1423.8
A676: 2537837763909124103 | B676: 香港事业部 | C676: NFT00.000774 | D676: 新昌 | E676: 新昌 | F676: 分销业务冻品水产部 | G676: 张淑燕 | H676: 遼寧嘉士德去皮上腿肉|12KG | I676: 2 | J676: 24 | K676: 千克 | L676: 1423.8 | O676: 14735835 | P676: 已登记 | Q676: 46156 | R676: 46155.482 | S676: 2387140254974869510 | U676: 新昌 | V676: 46155.481 | W676: =VLOOKUP(H676,物料編碼!A:B,2,0) -> 1300609018 | X676: 1300609 | Y676: =VLOOKUP(X676,物料編碼!D:G,4,0) -> 去皮上腿肉 | Z676: =VLOOKUP(C676,客戶屬性1!A:C,2,0) -> 新昌冻肉 | AA676: =IF(COUNTIF($O$1:O676,O676)=1,L676,0) -> 0
A677: 2537837763909124103 | B677: 香港事业部 | C677: NFT00.000774 | D677: 新昌 | E677: 新昌 | F677: 分销业务冻品水产部 | G677: 张淑燕 | H677: 遼寧銘川帶皮腿扒|15KG (300克+/塊) | I677: 3 | J677: 45 | K677: 千克 | L677: 1423.8 | O677: 14735835 | P677: 已登记 | Q677: 46156 | R677: 46155.482 | S677: 2387140254974869510 | U677: 新昌 | V677: 46155.481 | W677: =VLOOKUP(H677,物料編碼!A:B,2,0) -> 1300607015 | X677: 1300607 | Y677: =VLOOKUP(X677,物料編碼!D:G,4,0) -> 帶皮腿扒 | Z677: =VLOOKUP(C677,客戶屬性1!A:C,2,0) -> 新昌冻肉 | AA677: =IF(COUNTIF($O$1:O677,O677)=1,L677,0) -> 0
A678: 2537836149008760837 | B678: 香港事业部 | C678: NFT00.000230 | D678: 恆輝貿易公司 | E678: 恆輝 | F678: 分销业务冻品水产部销售部 | G678: 凌靖翔 | H678: 華英鴨胸肉|10KG 200-220G/塊) | I678: 2 | J678: 20 | K678: 千克 | L678: 272 | O678: 14735834 | P678: 已关闭 | Q678: 46156 | R678: 46155.479 | S678: 2460695736053923847 | U678: 恆輝 | V678: 46155.479 | W678: =VLOOKUP(H678,物料編碼!A:B,2,0) -> 1300903002 | X678: 1300903 | Y678: =VLOOKUP(X678,物料編碼!D:G,4,0) -> 生鴨胸 | Z678: =VLOOKUP(C678,客戶屬性1!A:C,2,0) -> 恒辉贸易公司 | AA678: =IF(COUNTIF($O$1:O678,O678)=1,L678,0) -> 272
A679: 2537821632011960327 | B679: 香港事业部 | C679: 15MYKD.80036688 | D679: 美亞食品貿易有限公司 | E679: 美亞 | F679: 分销业务冻品水产部销售部 | G679: 许至邦 | H679: 高峰法式羊排 8 支骨|20KG | I679: 5 | J679: 100 | K679: 千克 | L679: 9600 | O679: 14735803 | P679: 已登记 | Q679: 46156 | R679: 46155.46 | S679: 2471774913431601159 | U679: 美亞 | V679: 46155.46 | W679: =VLOOKUP(H679,物料編碼!A:B,2,0) -> 1300501020 | X679: 1300501 | Y679: =VLOOKUP(X679,物料編碼!D:G,4,0) -> 羊排 | Z679: =VLOOKUP(C679,客戶屬性1!A:C,2,0) -> 美亚食品贸易有限公司 | AA679: =IF(COUNTIF($O$1:O679,O679)=1,L679,0) -> 9600
A680: 2537818264757600263 | B680: 香港事业部 | C680: NFT00.002551 | D680: 溢利食品(香港)有限公司 | E680: 溢利 | F680: 分销业务冻品水产部销售部 | G680: 凌靖翔 | H680: 高峰柱裝羊卷肉|20KG | I680: 1 | J680: 20 | K680: 千克 | L680: 1180 | O680: 14735797 | P680: 已登记 | Q680: 46155 | R680: 46155.455 | S680: 2471768556880003081 | U680: 溢利 | V680: 46155.455 | W680: =VLOOKUP(H680,物料編碼!A:B,2,0) -> 1300511002 | X680: 1300511 | Y680: =VLOOKUP(X680,物料編碼!D:G,4,0) -> 羊卷肉 | Z680: =VLOOKUP(C680,客戶屬性1!A:C,2,0) -> 溢利食品(香港)有限公司 | AA680: =IF(COUNTIF($O$1:O680,O680)=1,L680,0) -> 1180
A681: 2537779618641870856 | B681: 香港事业部 | C681: NFT00.002547 | D681: 先進食品國際有限公司 | E681: 先進 | F681: 分销业务冻品水产部销售部 | G681: 岑美玉 | H681: 高峰四號肉 25KG | I681: 2 | J681: 50 | K681: 千克 | L681: 990 | O681: 14735739 | P681: 已登记 | Q681: 46156 | R681: 46155.403 | S681: 2393969562213154818 | U681: 先進凍肉公司 | V681: 46155.403 | W681: =VLOOKUP(H681,物料編碼!A:B,2,0) -> 1300104005 | X681: 1300104 | Y681: =VLOOKUP(X681,物料編碼!D:G,4,0) -> 四號肉 | Z681: =VLOOKUP(C681,客戶屬性1!A:C,2,0) -> 先进食品国际有限公司 | AA681: =IF(COUNTIF($O$1:O681,O681)=1,L681,0) -> 990
... A806: 2531330759606665223 | B806: 香港事业部 | C806: NFT00.000230 | D806: 恆輝貿易公司 | E806: 恆輝 | F806: 分销业务冻品水产部销售部 | G806: 凌靖翔 | H806: 華英全淨膛鴨|14.4KG (1.8KG/只) | I806: 2 | J806: 28.8 | K806: 千克 | L806: 305.28 | O806: 14728098 | P806: 已关闭 | Q806: 46147 | R806: 46146.714 | S806: 2393862608937549832 | U806: 許先生 | V806: 46146.714 | W806: =VLOOKUP(H806,物料編碼!A:B,2,0) -> 1300901006 | X806: 1300901 | Y806: =VLOOKUP(X806,物料編碼!D:G,4,0) -> 整鴨 | Z806: =VLOOKUP(C806,客戶屬性1!A:C,2,0) -> 恒辉贸易公司 | AA806: =IF(COUNTIF($O$1:O806,O806)=1,L806,0) -> 305.28
A807: 2531300325475745795 | B807: 香港事业部 | C807: #N/A | D807: 華潤膳食管理部 | E807: #N/A | F807: 分销业务销售发展部销售部 | G807: 黎文欣 | H807: 江中猴姑梨杷甘| 125ML*4*27 | I807: 27 | J807: 1 | K807: 箱 | L807: 266 | O807: 14728067 | P807: 已登记 | Q807: 46147 | R807: 46146.673 | S807: 2523869439344508931 | U807: 華潤膳食管理部 | V807: 46146.673 | W807: =VLOOKUP(H807,物料編碼!A:B,2,0) -> #N/A | X807: #N/A | Y807: =VLOOKUP(X807,物料編碼!D:G,4,0) -> #N/A | Z807: =VLOOKUP(C807,客戶屬性1!A:C,2,0) -> #N/A | AA807: =IF(COUNTIF($O$1:O807,O807)=1,L807,0) -> 266
A808: 2531195433784442881 | B808: 香港事业部 | C808: NFT00.000230 | D808: 恆輝貿易公司 | E808: 恆輝 | F808: 分销业务冻品水产部销售部 | G808: 凌靖翔 | H808: 華英全淨膛鴨|14.4KG (1.8KG/只) | I808: 1 | J808: 14.4 | K808: 千克 | L808: 152.64 | O808: 14727023 | P808: 已关闭 | Q808: 46147 | R808: 46146.532 | S808: 2460695736053923847 | U808: 恆輝 | V808: 46146.532 | W808: =VLOOKUP(H808,物料編碼!A:B,2,0) -> 1300901006 | X808: 1300901 | Y808: =VLOOKUP(X808,物料編碼!D:G,4,0) -> 整鴨 | Z808: =VLOOKUP(C808,客戶屬性1!A:C,2,0) -> 恒辉贸易公司 | AA808: =IF(COUNTIF($O$1:O808,O808)=1,L808,0) -> 152.64
...

Sheet 客戶屬性1
A1: 客户账号 | B1: 客户名称 | C1: 客戶性質 | E1: 客戶編碼 | F1: 客名
A2: 15MYKD.80011410 | B2: 源富食品有限公司 | C2: 加工 | E2: NFT00.002547 | F2: 先進
A3: 15MYKD.80011601 | B3: 富记烧腊 | C3: 燒臘 | E3: NFT00.000230 | F3: 恆輝
A4: 15MYKD.80022017 | B4: 金源烧腊茶餐厅有限公司 | C4: 燒臘 | E4: NFT00.000168 | F4: 明記
A5: 15MYKD.HHD01 | B5: 合兴香港有限公司 | C5: 加工 | E5: NFT00.002551 | F5: 溢利
A6: 15MYKD.KSH05 | B6: 佳城兴业有限公司/火炭 | C6: 加工 | E6: NFT00.000229 | F6: 駿利
A7: 15MYKD.SHT01 | B7: 顺兴冻肉公司 | C7: 凍肉店 | E7: NFT00.000169 | F7: 福源
A8: NFT00.000008 | B8: 金翠烧味餐厅有限公司(深) | C8: 小餐飲 | E8: NFT00.003074 | F8: 信隆
A9: NFT00.000079 | B9: 明兴冻肉食品有限公司 | C9: 加工 | E9: NFT00.000759 | F9: 天恆
A10: NFT00.000100 | B10: 赵增记 | C10: 加工 | E10: NFT00.002474 | F10: 明記冷凍
A11: NFT00.000101 | B11: 李圻记 | C11: 凍肉店 | E11: 15MYKD.KSH05 | F11: 佳城興業 | H11: 1
A12: NFT00.000126 | B12: 华新鱼翅海产公司 | C12: 加工 | E12: NFT00.000774 | F12: 新昌
A13: NFT00.000151 | B13: 天壹食品有限公司 | C13: 加工 | E13: NFT00.000232 | F13: 興利號
A14: NFT00.000154 | B14: 利宝冻肉有限公司 | C14: 加工 | E14: NFT00.000090 | F14: 姚氏
A15: NFT00.000155 | B15: 冠环球(郭)有限公司 | C15: 加工 | E15: 15MYKD.80036688 | F15: 美亞
A16: NFT00.000233 | B16: 利丰肉食海产有限公司 | C16: 加工 | E16: NFT00.000091 | F16: 恆昌
A17: NFT00.000236 | B17: 富成环球海产有限公司 | C17: 加工 | E17: NFT00.000185 | F17: 萬駿
A18: NFT00.000371 | B18: 万事利食品有限公司 | C18: 加工 | E18: NFT00.003177 | F18: 翎凰
A19: NFT00.000759 | B19: 天恒食品有限公司 | C19: 飛機 | E19: NFT00.003034 | F19: 豪氣
A20: NFT00.001511 | B20: 福永行贸易有限公司 | C20: 加工 | E20: NFT00.003421 | F20: 峻星
A21: NFT00.001643 | B21: 永丰泰有限公司 | C21: 加工 | E21: NFT00.000283 | F21: 國威
A22: NFT00.001963 | B22: 金兴冻肉公司 | C22: 加工 | E22: NFT00.000385 | F22: 誠信
A23: NFT00.001984 | B23: 星朗食品有限公司 | C23: 加工 | E23: NFT00.002160 | F23: 鴻興
... A64: NFT00.002170 | B64: 新森林 (NEW FOREST HOLDING LIMITED) | C64: 小餐飲 | E64: NFT00.000057 | F64: 大利
A65: NFT00.002235 | B65: 会所1号 时尚康山 | C65: 小餐飲
A66: NFT00.002236 | B66: 会所1号 尖东荟 | C66: 小餐飲
A67: NFT00.002282 | B67: 海洋公园 | C67: 小餐飲
A68: NFT00.002437 | B68: EURO GO GO LIMITED | C68: 小餐飲
A69: NFT00.002459 | B69: 卓思创意有限公司 | C69: 飛機
A70: NFT00.002482 | B70: 太子餐厅有限公司 | C70: 小餐飲
A71: NFT00.002627 | B71: 神农氏资源有限公司 | C71: 加工
A72: NFT00.002628 | B72: 歌富有限公司 | C72: 小餐飲
A73: NFT00.002983 | B73: 丰甞亚洲有限公司 | C73: 加工
A74: NFT00.002987 | B74: 东华三院萧旺李满福幼儿园 | C74: 社會機構
A75: NFT00.003005 | B75: 佳记集团食品有限公司 | C75: 飛機
A76: NFT00.003029 | B76: 力嘉食品有限公司 | C76: 加工
... A475: NFTZ0.000066 | B475: 华润(集团)有限公司 | C475: 小餐飲

Sheet 客戶編碼
A1: 客户 | C1: 客户
A2: 客户编码 | B2: 客户名称 | C2: 客户编码
A3: NFT00.003623 | B3: 野火樂園食品公司 | C3: NFT00.003623
A4: NFT00.003523 | B4: 煒豐食品發展有限公司 | C4: NFT00.003523
A5: NFT00.000031 | B5: 華豐燒臘有限公司 | C5: NFT00.000031
A6: NFT00.001891 | B6: 雲和凍肉有限公司 | C6: NFT00.001891
A7: NFT00.000786 | B7: 海皇國際有限公司 | C7: NFT00.000786
A8: NFT00.003567 | B8: 冠興凍肉(香港)有限公司 | C8: NFT00.003567
A9: NFT00.000091 | B9: 恆昌凍肉食品有限公司 | C9: NFT00.000091
A10: NFT00.003505 | B10: 盛記肉食 | C10: NFT00.003505
A11: 15MYKD.LKK03 | B11: 梁九記父子有限公司 | C11: 15MYKD.LKK03
A12: NFT00.003090 | B12: 佳味食品貿易有限公司 | C12: NFT00.003090
A13: NFT00.003123 | B13: 麒勇有限公司 | C13: NFT00.003123
... A425: NFT00.003501 | B425: 明記海鮮食品有限公司 | C425: NFT00.003501

Sheet 物料編碼
A1: 物料說明 | B1: 物料編碼 | D1: 管理分类列表
A2: 優質梅肉|25KG | B2: 1300101007 | D2: 编码 | E2: 大類 | F2: 中类 | G2: 小类 | H2: 商品数量 | I2: 商品分类
A3: 金鷹梅肉|25KG | B3: 1300101018 | D3: 1300101 | E3: 中貨 | F3: 中國豬肉 | G3: 一號肉 | I3: 急凍肉類
A4: 中國梅肉|25KG | B4: 1300101040 | D4: 1300102 | E4: 中貨 | F4: 中國豬肉 | G4: 二號肉 | I4: 急凍肉類
A5: 至尊梅肉|25KG | B5: 1300101043 | D5: 1300103 | E5: 中貨 | F5: 中國豬肉 | G5: 三號肉 | I5: 急凍肉類
A6: 至尊梅肉|25KG(14-15條) | B6: 1300101051 | D6: 1300104 | E6: 中貨 | F6: 中國豬肉 | G6: 四號肉 | I6: 急凍肉類
A7: 精品面精肉|25KG | B7: 1300109012 | D7: 1300106 | E7: 中貨 | F7: 中國豬肉 | G7: 脊膘 | I7: 急凍肉類
A8: 巴西 Seara 豬梅肉∣19KG（抄碼） | B8: 1300201041 | D8: 1300107 | E8: 中貨 | F8: 中國豬肉 | G8: 大排 | I8: 急凍肉類
A9: 巴西Seara有骨大排∣19KG（抄碼） | B9: 1300207068 | D9: 1300109 | E9: 中貨 | F9: 中國豬肉 | G9: 面精肉 | I9: 急凍肉類
A10: 巴西Seara削骨豬大排∣19KG（抄碼） | B10: 1300207070 | D10: 1300111 | E10: 中貨 | F10: 中國豬肉 | G10: 寸骨 | I10: 急凍肉類
A11: 巴西 Anglo 牛孖筋|26KG(抄碼) | B11: 1300406048 | D11: 1300114 | E11: 中貨 | F11: 中國豬肉 | G11: 熟食 | I11: 急凍肉類
A12: 巴西Mataboi 牛尾∣26KG(抄碼) | B12: 1300421016 | D12: 1300119 | E12: 中貨 | F12: 中國豬肉 | G12: 五花肉 | I12: 急凍肉類
A13: 遼寧欣城帶骨雞全腿 200-220G|15KG | B13: 1300603036 | D13: 1300131 | E13: 中貨 | F13: 中國豬肉 | G13: 豬肝 | I13: 急凍肉類
A14: 遼寧欣城帶骨雞全腿 220-240G|15KG | B14: 1300603037 | D14: 1300201 | E14: 西貨 | F14: 外國豬肉 | G14: 一號肉 | I14: 急凍肉類
... A151: 山東全淨膛鴨|10.4KG (1.3KG/只) | B151: 1300901054 | D151: 1310101 | E151: 預製菜 | F151: 終端凍品 | G151: 麵點類.水餃雲吞餛飩 | I151: 急凍面點
A152: 華英帶骨鴨腿|10KG (200-220G/只) | B152: 1300902002 | D152: 13102 | E152: 預製菜 | F152: 終端凍品 | G152: 丸類
A153: 華英帶骨鴨腿|10KG (220-240G/只) | B153: 1300902003 | D153: 1310201 | E153: 預製菜 | F153: 終端凍品 | G153: 丸類.牛肉丸 | I153: 急凍肉類
A154: 華英帶骨鴨腿|10KG (260-280G/只) | B154: 1300902006 | D154: 13103 | E154: 預製菜 | F154: 終端凍品 | G154: 預製
A155: 山東帶骨鴨腿|10KG（200-220G/只） | B155: 1300902010 | D155: 1310301 | E155: 預製菜 | F155: 終端凍品 | G155: 預製菜類.豬肉類 | I155: 加熱即食
A156: 山東帶骨鴨腿|10KG（220-240G/只） | B156: 1300902011 | D156: 1310302 | E156: 預製菜 | F156: 終端凍品 | G156: 預製菜類.雞肉類 | I156: 加熱即食
A157: 山東帶骨鴨腿|10KG（240-260G/只） | B157: 1300902013 | D157: 1310303 | E157: 預製菜 | F157: 終端凍品 | G157: 預製菜類.鴨肉類 | I157: 加熱即食
A158: 華英鴨胸肉|10KG 200-220G/塊) | B158: 1300903002 | D158: 1310304 | E158: 預製菜 | F158: 終端凍品 | G158: 預製菜類.小食類 | I158: 加熱即食
A159: 華英鴨胸肉|10KG 220-240G/塊) | B159: 1300903003 | D159: 1310305 | E159: 預製菜 | F159: 終端凍品 | G159: 預製菜類.樣品 | I159: 加熱即食
A160: 山東鴨胸肉|10KG(200-220克/塊) | B160: 1300903005 | D160: 1310306 | E160: 預製菜 | F160: 終端凍品 | G160: 預製菜類.牛肉類 | I160: 急凍肉類
A161: 山東IQF鴨胸肉|10KG(1K*10) | B161: 1300903010 | D161: 1310307 | E161: 預製菜 | F161: 終端凍品 | G161: 預製菜類.湯煲類 | I161: 急凍肉類
A162: 華英IQF鴨小胸|10KG(1K*10) | B162: 1300903011 | D162: 13104 | E162: 預製菜 | F162: 終端凍品 | G162: 凍肉
A163: 山東煙熏鴨胸肉|10KG (200-220G/塊)日文包裝 | B163: 1300904016 | D163: 1310401 | E163: 中貨 | F163: 終端凍品 | G163: 凍肉加工品.中國羊肉 | I163: 急凍肉類
A164: 山東煙熏鴨胸肉|10KG (220-240G/塊)日文包裝 | B164: 1300904017 | D164: 1310402 | E164: 中貨 | F164: 終端凍品 | G164: 凍肉加工品.中國牛肉 | I164: 急凍肉類
A165: 山東煙熏鴨胸肉|10KG (240-260G/塊)日文包裝 | B165: 1300904021 | D165: 13105 | E165: 預製菜 | F165: 終端凍品 | G165: 腸類
A166: 華英煙熏鴨胸肉|10KG (200-220G/塊)日文包裝 | B166: 1300904022 | D166: 1310501 | E166: 預製菜 | F166: 終端凍品 | G166: 腸類.雞肉腸 | I166: 急凍肉類
A167: 華英煙熏鴨胸肉|10KG (220-240G/塊)日文包裝 | B167: 1300904023 | D167: 13106 | E167: 預製菜 | F167: 終端凍品 | G167: 乳製品
A168: 華英煙熏鴨胸肉|10KG (240-260G/塊)日文包裝 | B168: 1300904024 | D168: 1310601 | E168: 預製菜 | F168: 終端凍品 | G168: 乳製品.芝士 | I168: 零食罐頭
A169: 河南華英凍鴨舌(無鬚)|10KG | B169: 1300913005 | D169: 13107 | E169: 預製菜 | F169: 終端凍品 | G169: 凍海產品
A170: 河南華英凍鴨肝|10KG | B170: 1300917001 | D170: 1310701 | E170: 預製菜 | F170: 終端凍品 | G170: 凍海產品.魚類 | I170: 急凍水產
A171: 河南華英凍鴨腎|10KG | B171: 1300917002 | D171: 13108 | E171: 預製菜 | F171: 終端凍品 | G171: 乾海產類
A172: 河南華英凍鴨心|10KG | B172: 1300920001 | D172: 1310801 | E172: 預製菜 | F172: 終端凍品 | G172: 乾海產類.其他 | I172: 急凍水產
A173: 八合里牛肉丸(零售裝) | B173: 1310201019 | D173: 13109 | E173: 預製菜 | F173: 終端凍品 | G173: 其他冷凍即食類
A174: 八合里牛筋丸(零售裝) | B174: 1310201020 | D174: 1310902 | E174: 預製菜 | F174: 終端凍品 | G174: 其他冷凍即食類.即食海產類 | I174: 加熱即食
A175: 八合里黑椒牛筋丸(零售裝) | B175: 1310201021 | D175: 18001 | E175: 水產 | F175: 水產 | G175: 魚
A176: 八合里牛肉丸(業務裝) | B176: 1310201022 | D176: 1800102 | E176: 水產 | F176: 水產 | G176: 魚.鯰魚柳 | I176: 急凍水產
A177: 八合里牛筋丸(業務裝) | B177: 1310201023 | D177: 1800108 | E177: 水產 | F177: 水產 | G177: 魚.其他 | I177: 急凍水產
A178: 八合里黑椒牛筋丸(業務裝) | B178: 1310201024 | D178: 18002 | E178: 水產 | F178: 水產 | G178: 蝦
A179: 一號私廚藤椒雞扒 | 2kg(100g*20) | B179: 1310302005 | D179: 1800201 | E179: 水產 | F179: 水產 | G179: 蝦.蝦肉 | I179: 急凍水產
A180: 一號私廚廣式豬肚雞煲 | 13kg(650g*20) | B180: 1310307001 | D180: 1800502 | E180: 水產 | F180: 水產 | G180: 軟體.墨魚 | I180: 急凍水產
A181: 叮叮懶人菜金湯酸菜魚| 13.5kg(袋裝，450g*30) | B181: 1310308002
A182: 叮叮懶人菜貴州酸湯魚| 10.8kg(袋裝，360g*30) | B182: 1310308003
A183: 叮叮懶人菜青花椒酸菜魚| 12kg(袋裝，500g*24) | B183: 1310308004
A184: 華王樂雞肉腸｜10.88KG(340.2g*32) | B184: 1310501001
A185: 阿拉斯加野生三文魚柳（PINK）| 6kg(300g*20) | B185: 1310701003
A186: 阿拉斯加野生狹鱈魚柳（帶皮）| 6kg(300g*20) | B186: 1310701006
A187: 挪威三文魚柳4件裝（帶皮）|8KG (400g /包，20包/箱) | B187: 1310701009
A188: 挪威煙燻三文魚100g裝|5KG (100g*50包/箱) | B188: 1310701010
A189: 挪威煙燻三文魚400g裝|7.2KG (400g*18包/箱) | B189: 1310701013
A190: 冷凍即食遼參禮包 | 8KG(400g*20) | B190: 1310902001
A191: 凍秋葵|10KG(2KG*5) | B191: 1311001001
A192: 凍南瓜塊|10KG(2KG*5) | B192: 1311001002
... A304: 伊美佳原切雙拼羊卷肉(肩腹)|4.54KG(454g*10) | B304: 1310401001
